year,month,carrier,carrier_name,airport,airport_name,arr_flights,arr_del15,carrier_ct,weather_ct,nas_ct,security_ct,late_aircraft_ct,arr_cancelled,arr_diverted,arr_delay,carrier_delay,weather_delay,nas_delay,security_delay,late_aircraft_delay
2023,8,NK,Spirit Air Lines,ABQ,"Albuquerque, NM: Albuquerque International Sunport",31.0,11.0,2.26,0.34,5.57,0.0,2.82,0.0,0.0,443.0,75.0,51.0,233.0,0.0,84.0
2023,8,NK,Spirit Air Lines,ACY,"Atlantic City, NJ: Atlantic City International",248.0,66.0,20.0,5.86,21.15,1.15,17.84,4.0,0.0,5161.0,974.0,247.0,1925.0,65.0,1950.0
2023,8,NK,Spirit Air Lines,ATL,"Atlanta, GA: Hartsfield-Jackson Atlanta International",1056.0,352.0,87.95,14.13,178.23,6.51,65.19,11.0,10.0,27484.0,7087.0,1220.0,12113.0,277.0,6787.0
2023,8,NK,Spirit Air Lines,AUS,"Austin, TX: Austin - Bergstrom International",204.0,65.0,28.48,1.73,21.54,0.32,12.93,0.0,0.0,5383.0,2573.0,88.0,1580.0,53.0,1089.0
2023,8,NK,Spirit Air Lines,BDL,"Hartford, CT: Bradley International",76.0,22.0,3.74,2.17,8.22,0.45,7.42,1.0,0.0,1270.0,149.0,143.0,525.0,36.0,417.0
2023,8,NK,Spirit Air Lines,BNA,"Nashville, TN: Nashville International",224.0,65.0,22.98,1.17,28.7,1.2,10.95,2.0,0.0,4233.0,1244.0,98.0,1531.0,70.0,1290.0
2023,8,NK,Spirit Air Lines,BOI,"Boise, ID: Boise Air Terminal",31.0,5.0,0.17,1.0,3.83,0.0,0.0,1.0,1.0,181.0,5.0,17.0,159.0,0.0,0.0
2023,8,NK,Spirit Air Lines,BOS,"Boston, MA: Logan International",464.0,207.0,42.76,11.13,114.97,6.9,31.25,4.0,0.0,14999.0,3821.0,892.0,7691.0,264.0,2331.0
2023,8,NK,Spirit Air Lines,BQN,"Aguadilla, PR: Rafael Hernandez",62.0,38.0,15.46,4.55,9.3,1.0,7.7,1.0,0.0,2072.0,726.0,207.0,453.0,16.0,670.0
2023,8,NK,Spirit Air Lines,BUR,"Burbank, CA: Bob Hope",61.0,8.0,3.38,0.0,3.36,0.0,1.27,2.0,0.0,546.0,176.0,0.0,264.0,0.0,106.0
2023,8,NK,Spirit Air Lines,BWI,"Baltimore, MD: Baltimore/Washington International Thurgood Marshall",563.0,172.0,73.96,7.4,53.21,4.79,32.64,10.0,1.0,14354.0,6560.0,495.0,4248.0,351.0,2700.0
2023,8,NK,Spirit Air Lines,CHS,"Charleston, SC: Charleston AFB/International",92.0,32.0,11.88,2.0,9.46,0.85,7.82,2.0,0.0,3249.0,749.0,86.0,1375.0,22.0,1017.0
2023,8,NK,Spirit Air Lines,CLE,"Cleveland, OH: Cleveland-Hopkins International",226.0,97.0,31.79,8.81,28.27,1.45,26.67,3.0,1.0,7566.0,2295.0,780.0,2215.0,60.0,2216.0
2023,8,NK,Spirit Air Lines,CLT,"Charlotte, NC: Charlotte Douglas International",365.0,138.0,34.43,6.99,66.24,5.66,24.68,6.0,1.0,10880.0,2637.0,325.0,4889.0,306.0,2723.0
2023,8,NK,Spirit Air Lines,CMH,"Columbus, OH: John Glenn Columbus International",136.0,47.0,20.7,2.2,17.57,0.0,6.53,1.0,0.0,3409.0,1521.0,159.0,1301.0,0.0,428.0
2023,8,NK,Spirit Air Lines,DEN,"Denver, CO: Denver International",141.0,46.0,9.89,3.35,24.06,5.42,3.28,0.0,1.0,2195.0,630.0,122.0,1039.0,149.0,255.0
2023,8,NK,Spirit Air Lines,DFW,"Dallas/Fort Worth, TX: Dallas/Fort Worth International",810.0,271.0,80.03,10.86,113.02,8.85,58.24,8.0,1.0,19830.0,6897.0,658.0,6083.0,382.0,5810.0
2023,8,NK,Spirit Air Lines,DTW,"Detroit, MI: Detroit Metro Wayne County",790.0,232.0,79.05,12.95,67.05,4.28,68.66,9.0,1.0,17930.0,5914.0,1119.0,4547.0,191.0,6159.0
2023,8,NK,Spirit Air Lines,EWR,"Newark, NJ: Newark Liberty International",873.0,286.0,81.75,10.43,130.82,5.34,57.66,10.0,2.0,19644.0,6247.0,662.0,8056.0,236.0,4443.0
2023,8,NK,Spirit Air Lines,FLL,"Fort Lauderdale, FL: Fort Lauderdale-Hollywood International",1829.0,640.0,144.11,14.15,263.99,9.59,208.16,19.0,14.0,49696.0,12508.0,1523.0,17883.0,1244.0,16538.0
2023,8,NK,Spirit Air Lines,IAH,"Houston, TX: George Bush Intercontinental/Houston",604.0,210.0,70.25,10.83,64.26,6.68,57.98,6.0,1.0,17699.0,5449.0,1692.0,3944.0,359.0,6255.0
2023,8,NK,Spirit Air Lines,IND,"Indianapolis, IN: Indianapolis International",101.0,33.0,10.54,2.04,15.22,1.04,4.16,4.0,0.0,1848.0,438.0,218.0,849.0,44.0,299.0
2023,8,NK,Spirit Air Lines,LAS,"Las Vegas, NV: Harry Reid International",2191.0,616.0,151.01,17.61,277.83,5.25,164.3,37.0,4.0,46605.0,11338.0,1633.0,19027.0,174.0,14433.0
2023,8,NK,Spirit Air Lines,LAX,"Los Angeles, CA: Los Angeles International",1181.0,365.0,123.47,8.89,164.94,6.01,61.7,9.0,0.0,28520.0,10295.0,1076.0,11070.0,229.0,5850.0
2023,8,NK,Spirit Air Lines,LBE,"Latrobe, PA: Arnold Palmer Regional",62.0,18.0,5.96,1.7,5.75,0.0,4.59,0.0,0.0,813.0,271.0,51.0,261.0,0.0,230.0
2023,8,NK,Spirit Air Lines,LGA,"New York, NY: LaGuardia",436.0,103.0,39.4,11.08,36.62,0.87,15.04,5.0,2.0,5998.0,2432.0,529.0,2004.0,21.0,1012.0
2023,8,NK,Spirit Air Lines,MCI,"Kansas City, MO: Kansas City International",93.0,28.0,10.9,2.02,8.08,1.0,6.0,0.0,0.0,2118.0,930.0,380.0,440.0,15.0,353.0
2023,8,NK,Spirit Air Lines,MCO,"Orlando, FL: Orlando International",2429.0,898.0,193.84,18.86,416.18,3.47,265.65,35.0,10.0,75553.0,17900.0,1178.0,30854.0,162.0,25459.0
2023,8,NK,Spirit Air Lines,MEM,"Memphis, TN: Memphis International",76.0,24.0,10.76,0.76,6.02,0.83,5.64,2.0,0.0,1969.0,1090.0,34.0,441.0,24.0,380.0
2023,8,NK,Spirit Air Lines,MHT,"Manchester, NH: Manchester Boston Regional",45.0,20.0,7.82,0.88,10.37,0.0,0.93,2.0,0.0,1396.0,675.0,27.0,624.0,0.0,70.0
2023,8,NK,Spirit Air Lines,MIA,"Miami, FL: Miami International",620.0,206.0,44.88,7.5,107.22,1.0,45.39,8.0,6.0,18124.0,4609.0,606.0,8296.0,18.0,4595.0
2023,8,NK,Spirit Air Lines,MKE,"Milwaukee, WI: General Mitchell International",59.0,25.0,5.85,3.31,12.16,0.89,2.79,0.0,0.0,1630.0,455.0,346.0,512.0,58.0,259.0
2023,8,NK,Spirit Air Lines,MSP,"Minneapolis, MN: Minneapolis-St Paul International",104.0,22.0,7.26,1.82,10.29,0.0,2.63,1.0,1.0,1517.0,603.0,141.0,587.0,0.0,186.0
2023,8,NK,Spirit Air Lines,MSY,"New Orleans, LA: Louis Armstrong New Orleans International",280.0,102.0,27.77,5.92,40.24,0.1,27.97,3.0,1.0,6938.0,1853.0,317.0,2544.0,33.0,2191.0
2023,8,NK,Spirit Air Lines,MYR,"Myrtle Beach, SC: Myrtle Beach International",457.0,90.0,35.86,4.29,19.67,1.74,28.43,6.0,0.0,6822.0,3125.0,253.0,1473.0,93.0,1878.0
2023,8,NK,Spirit Air Lines,OAK,"Oakland, CA: Metro Oakland International",255.0,77.0,29.28,1.15,26.48,0.9,19.19,2.0,0.0,4980.0,1648.0,81.0,1512.0,40.0,1699.0
2023,8,NK,Spirit Air Lines,ORD,"Chicago, IL: Chicago O'Hare International",623.0,200.0,55.74,13.08,84.01,5.66,41.52,10.0,2.0,15628.0,3947.0,959.0,6587.0,146.0,3989.0
2023,8,NK,Spirit Air Lines,ORF,"Norfolk, VA: Norfolk International",62.0,26.0,8.97,3.55,6.2,0.63,6.66,1.0,0.0,1737.0,730.0,136.0,487.0,39.0,345.0
2023,8,NK,Spirit Air Lines,PBI,"West Palm Beach/Palm Beach, FL: Palm Beach International",31.0,4.0,1.14,0.0,1.05,0.0,1.81,0.0,0.0,473.0,26.0,0.0,25.0,0.0,422.0
2023,8,NK,Spirit Air Lines,PDX,"Portland, OR: Portland International",89.0,22.0,6.55,0.93,7.98,0.0,6.55,2.0,0.0,1280.0,362.0,40.0,438.0,0.0,440.0
2023,8,NK,Spirit Air Lines,PHL,"Philadelphia, PA: Philadelphia International",558.0,200.0,54.65,15.42,76.77,15.96,37.19,7.0,0.0,15213.0,4315.0,1220.0,5758.0,603.0,3317.0
2023,8,NK,Spirit Air Lines,PHX,"Phoenix, AZ: Phoenix Sky Harbor International",169.0,60.0,19.61,1.55,31.72,1.0,6.12,5.0,1.0,3858.0,1474.0,111.0,1627.0,24.0,622.0
2023,8,NK,Spirit Air Lines,PIT,"Pittsburgh, PA: Pittsburgh International",217.0,78.0,29.34,5.83,19.99,0.11,22.73,0.0,0.0,5396.0,1785.0,325.0,1362.0,10.0,1914.0
2023,8,NK,Spirit Air Lines,PNS,"Pensacola, FL: Pensacola International",79.0,39.0,10.47,3.25,18.13,0.1,7.05,1.0,1.0,3293.0,1134.0,189.0,1495.0,8.0,467.0
2023,8,NK,Spirit Air Lines,PSE,"Ponce, PR: Mercedita",31.0,12.0,3.76,1.89,3.73,0.0,2.63,0.0,0.0,786.0,201.0,62.0,418.0,0.0,105.0
2023,8,NK,Spirit Air Lines,RDU,"Raleigh/Durham, NC: Raleigh-Durham International",55.0,32.0,9.0,5.14,10.35,2.15,5.36,1.0,0.0,2011.0,425.0,556.0,659.0,79.0,292.0
2023,8,NK,Spirit Air Lines,RIC,"Richmond, VA: Richmond International",93.0,26.0,6.13,2.66,10.91,0.0,6.29,2.0,0.0,1960.0,495.0,278.0,857.0,0.0,330.0
2023,8,NK,Spirit Air Lines,RNO,"Reno, NV: Reno/Tahoe International",62.0,9.0,2.73,0.72,4.67,0.0,0.88,1.0,1.0,652.0,193.0,116.0,306.0,0.0,37.0
2023,8,NK,Spirit Air Lines,ROC,"Rochester, NY: Frederick Douglass Grtr Rochester International",48.0,9.0,3.81,0.0,2.39,0.0,2.8,0.0,0.0,375.0,147.0,0.0,47.0,0.0,181.0
2023,8,NK,Spirit Air Lines,RSW,"Fort Myers, FL: Southwest Florida International",93.0,21.0,3.83,2.01,9.9,0.8,4.47,1.0,0.0,1705.0,425.0,77.0,765.0,12.0,426.0
2023,8,NK,Spirit Air Lines,SAN,"San Diego, CA: San Diego International",167.0,53.0,10.94,1.68,24.6,0.84,14.94,5.0,0.0,2861.0,741.0,76.0,1276.0,16.0,752.0
2023,8,NK,Spirit Air Lines,SAT,"San Antonio, TX: San Antonio International",125.0,29.0,8.45,3.26,12.51,1.15,3.63,0.0,0.0,1461.0,462.0,155.0,573.0,46.0,225.0
2023,8,NK,Spirit Air Lines,SDF,"Louisville, KY: Louisville Muhammad Ali International",108.0,35.0,11.24,0.79,9.33,0.26,13.38,2.0,1.0,1689.0,417.0,43.0,464.0,30.0,735.0
2023,8,NK,Spirit Air Lines,SEA,"Seattle, WA: Seattle/Tacoma International",75.0,22.0,5.25,2.2,10.16,0.0,4.4,0.0,0.0,1704.0,294.0,342.0,688.0,0.0,380.0
2023,8,NK,Spirit Air Lines,SJC,"San Jose, CA: Norman Y. Mineta San Jose International",117.0,22.0,7.45,0.88,7.56,0.0,6.12,1.0,0.0,1131.0,260.0,47.0,477.0,0.0,347.0
2023,8,NK,Spirit Air Lines,SJU,"San Juan, PR: Luis Munoz Marin International",578.0,259.0,90.59,12.74,90.03,6.99,58.65,10.0,2.0,20164.0,6294.0,989.0,6865.0,263.0,5753.0
2023,8,NK,Spirit Air Lines,SLC,"Salt Lake City, UT: Salt Lake City International",138.0,47.0,10.01,3.89,13.52,1.17,18.4,1.0,0.0,3390.0,601.0,305.0,591.0,39.0,1854.0
2023,8,NK,Spirit Air Lines,SMF,"Sacramento, CA: Sacramento International",110.0,24.0,9.23,4.35,4.69,0.0,5.73,2.0,0.0,1395.0,357.0,493.0,286.0,0.0,259.0
2023,8,NK,Spirit Air Lines,SNA,"Santa Ana, CA: John Wayne Airport-Orange County",124.0,26.0,6.36,0.15,8.96,0.63,9.91,2.0,1.0,1366.0,326.0,16.0,276.0,12.0,736.0
2023,8,NK,Spirit Air Lines,STL,"St. Louis, MO: St Louis Lambert International",52.0,23.0,11.63,0.81,7.26,0.0,3.3,1.0,0.0,1553.0,663.0,43.0,653.0,0.0,194.0
2023,8,NK,Spirit Air Lines,STT,"Charlotte Amalie, VI: Cyril E King",62.0,29.0,10.58,2.66,10.28,1.85,3.63,0.0,0.0,1167.0,418.0,108.0,384.0,61.0,196.0
2023,8,NK,Spirit Air Lines,STX,"Christiansted, VI: Henry E. Rohlsen",31.0,8.0,4.85,1.0,1.75,0.0,0.41,0.0,0.0,561.0,344.0,71.0,135.0,0.0,11.0
2023,8,NK,Spirit Air Lines,TPA,"Tampa, FL: Tampa International",342.0,86.0,26.82,5.54,33.31,1.51,18.82,28.0,1.0,6563.0,2121.0,304.0,2367.0,107.0,1664.0
2023,7,NK,Spirit Air Lines,ABQ,"Albuquerque, NM: Albuquerque International Sunport",31.0,13.0,1.91,0.41,5.9,0.0,4.78,0.0,0.0,952.0,154.0,28.0,414.0,0.0,356.0
2023,7,NK,Spirit Air Lines,ACY,"Atlantic City, NJ: Atlantic City International",213.0,56.0,17.86,8.04,18.54,0.38,11.17,0.0,1.0,5001.0,1181.0,667.0,1806.0,38.0,1309.0
2023,7,NK,Spirit Air Lines,ATL,"Atlanta, GA: Hartsfield-Jackson Atlanta International",1079.0,387.0,113.88,25.05,158.99,8.83,80.24,16.0,6.0,28557.0,8567.0,2624.0,10418.0,478.0,6470.0
2023,7,NK,Spirit Air Lines,AUS,"Austin, TX: Austin - Bergstrom International",248.0,71.0,20.41,4.89,29.05,0.28,16.37,1.0,0.0,5614.0,1487.0,327.0,1796.0,9.0,1995.0
2023,7,NK,Spirit Air Lines,BDL,"Hartford, CT: Bradley International",73.0,19.0,4.62,2.62,6.2,0.0,5.56,3.0,0.0,1789.0,538.0,190.0,473.0,0.0,588.0
2023,7,NK,Spirit Air Lines,BNA,"Nashville, TN: Nashville International",256.0,108.0,37.33,8.28,40.18,0.3,21.91,8.0,0.0,7167.0,2476.0,803.0,2598.0,30.0,1260.0
2023,7,NK,Spirit Air Lines,BOI,"Boise, ID: Boise Air Terminal",31.0,10.0,3.4,0.0,4.71,0.0,1.89,0.0,0.0,585.0,154.0,0.0,199.0,0.0,232.0
2023,7,NK,Spirit Air Lines,BOS,"Boston, MA: Logan International",362.0,179.0,42.69,11.68,85.44,6.87,32.31,15.0,1.0,14474.0,3124.0,969.0,7342.0,307.0,2732.0
2023,7,NK,Spirit Air Lines,BQN,"Aguadilla, PR: Rafael Hernandez",61.0,41.0,14.04,7.09,10.63,0.62,8.62,0.0,0.0,3543.0,1143.0,647.0,1086.0,24.0,643.0
2023,7,NK,Spirit Air Lines,BUR,"Burbank, CA: Bob Hope",62.0,13.0,3.67,1.82,2.54,0.0,4.97,1.0,0.0,560.0,233.0,107.0,89.0,0.0,131.0
2023,7,NK,Spirit Air Lines,BWI,"Baltimore, MD: Baltimore/Washington International Thurgood Marshall",558.0,201.0,57.71,23.06,78.63,2.52,39.09,11.0,3.0,15831.0,3912.0,2211.0,5975.0,132.0,3601.0
2023,7,NK,Spirit Air Lines,CHS,"Charleston, SC: Charleston AFB/International",93.0,33.0,5.91,2.54,12.84,0.0,11.71,3.0,0.0,3015.0,614.0,152.0,1044.0,0.0,1205.0
2023,7,NK,Spirit Air Lines,CLE,"Cleveland, OH: Cleveland-Hopkins International",239.0,120.0,36.75,14.25,36.78,0.0,32.22,1.0,0.0,11124.0,3176.0,1196.0,3695.0,0.0,3057.0
2023,7,NK,Spirit Air Lines,CLT,"Charlotte, NC: Charlotte Douglas International",388.0,152.0,40.74,12.29,69.0,6.0,23.98,17.0,1.0,9816.0,2945.0,807.0,4363.0,338.0,1363.0
2023,7,NK,Spirit Air Lines,CMH,"Columbus, OH: John Glenn Columbus International",157.0,61.0,15.91,10.72,21.28,0.13,12.96,3.0,0.0,4915.0,1018.0,854.0,1832.0,2.0,1209.0
2023,7,NK,Spirit Air Lines,DEN,"Denver, CO: Denver International",90.0,39.0,12.75,3.21,15.52,2.78,4.74,1.0,0.0,2432.0,676.0,200.0,826.0,133.0,597.0
2023,7,NK,Spirit Air Lines,DFW,"Dallas/Fort Worth, TX: Dallas/Fort Worth International",885.0,364.0,81.76,27.97,175.23,3.98,75.07,14.0,2.0,24717.0,5654.0,2619.0,11119.0,244.0,5081.0
2023,7,NK,Spirit Air Lines,DTW,"Detroit, MI: Detroit Metro Wayne County",753.0,234.0,60.84,17.9,104.01,1.4,49.85,11.0,2.0,19083.0,4771.0,1375.0,8063.0,57.0,4817.0
2023,7,NK,Spirit Air Lines,EWR,"Newark, NJ: Newark Liberty International",801.0,264.0,59.61,15.36,145.77,2.91,40.36,50.0,8.0,25112.0,4785.0,1972.0,15055.0,177.0,3123.0
2023,7,NK,Spirit Air Lines,FLL,"Fort Lauderdale, FL: Fort Lauderdale-Hollywood International",1729.0,628.0,139.52,21.12,268.91,4.94,193.5,45.0,4.0,50168.0,10340.0,1794.0,21231.0,245.0,16558.0
2023,7,NK,Spirit Air Lines,IAH,"Houston, TX: George Bush Intercontinental/Houston",666.0,279.0,70.95,15.42,120.55,6.48,65.59,11.0,1.0,23813.0,6208.0,1467.0,10320.0,284.0,5534.0
2023,7,NK,Spirit Air Lines,IND,"Indianapolis, IN: Indianapolis International",122.0,54.0,12.22,7.67,24.59,0.0,9.52,8.0,0.0,4425.0,1126.0,539.0,1837.0,0.0,923.0
2023,7,NK,Spirit Air Lines,LAS,"Las Vegas, NV: Harry Reid International",2097.0,627.0,161.81,18.17,241.17,7.08,198.77,27.0,2.0,48509.0,10740.0,1184.0,18447.0,407.0,17731.0
2023,7,NK,Spirit Air Lines,LAX,"Los Angeles, CA: Los Angeles International",1111.0,422.0,146.39,20.41,156.46,5.41,93.33,13.0,0.0,32490.0,11043.0,1894.0,10146.0,190.0,9217.0
2023,7,NK,Spirit Air Lines,LBE,"Latrobe, PA: Arnold Palmer Regional",62.0,18.0,4.54,0.6,7.93,0.41,4.52,0.0,0.0,1143.0,347.0,31.0,397.0,33.0,335.0
2023,7,NK,Spirit Air Lines,LGA,"New York, NY: LaGuardia",429.0,138.0,34.19,8.4,73.32,3.7,18.4,25.0,2.0,10873.0,2582.0,488.0,6372.0,129.0,1302.0
2023,7,NK,Spirit Air Lines,MCI,"Kansas City, MO: Kansas City International",94.0,39.0,6.71,4.62,19.4,1.0,7.28,1.0,0.0,3314.0,432.0,625.0,1682.0,27.0,548.0
2023,7,NK,Spirit Air Lines,MCO,"Orlando, FL: Orlando International",2468.0,1047.0,182.43,31.41,565.2,4.43,263.54,82.0,20.0,99923.0,17189.0,2634.0,50025.0,256.0,29819.0
2023,7,NK,Spirit Air Lines,MEM,"Memphis, TN: Memphis International",85.0,35.0,13.69,2.84,11.79,0.52,6.16,2.0,1.0,2807.0,903.0,290.0,996.0,37.0,581.0
2023,7,NK,Spirit Air Lines,MHT,"Manchester, NH: Manchester Boston Regional",43.0,14.0,2.75,5.37,3.6,0.0,2.27,3.0,0.0,1427.0,335.0,544.0,363.0,0.0,185.0
2023,7,NK,Spirit Air Lines,MIA,"Miami, FL: Miami International",617.0,254.0,50.71,8.49,137.34,0.88,56.57,18.0,2.0,22426.0,4104.0,1229.0,10612.0,70.0,6411.0
2023,7,NK,Spirit Air Lines,MKE,"Milwaukee, WI: General Mitchell International",53.0,26.0,5.84,6.07,9.79,0.73,3.57,2.0,0.0,2322.0,350.0,656.0,944.0,46.0,326.0
2023,7,NK,Spirit Air Lines,MSP,"Minneapolis, MN: Minneapolis-St Paul International",108.0,18.0,4.4,1.0,7.82,0.0,4.78,0.0,0.0,1335.0,565.0,24.0,368.0,0.0,378.0
2023,7,NK,Spirit Air Lines,MSY,"New Orleans, LA: Louis Armstrong New Orleans International",287.0,121.0,42.23,8.55,37.02,2.37,30.84,5.0,1.0,8924.0,2768.0,791.0,2625.0,114.0,2626.0
2023,7,NK,Spirit Air Lines,MYR,"Myrtle Beach, SC: Myrtle Beach International",428.0,84.0,23.98,5.11,30.38,0.48,24.04,3.0,0.0,6596.0,1882.0,412.0,2063.0,34.0,2205.0
2023,7,NK,Spirit Air Lines,OAK,"Oakland, CA: Metro Oakland International",257.0,78.0,23.1,1.0,28.77,1.58,23.55,3.0,1.0,4719.0,1516.0,47.0,1451.0,63.0,1642.0
2023,7,NK,Spirit Air Lines,ORD,"Chicago, IL: Chicago O'Hare International",612.0,240.0,61.88,19.57,111.73,0.22,46.6,11.0,8.0,20322.0,5314.0,1568.0,8147.0,4.0,5289.0
2023,7,NK,Spirit Air Lines,ORF,"Norfolk, VA: Norfolk International",62.0,18.0,6.38,4.37,3.27,0.0,3.97,2.0,0.0,1255.0,373.0,351.0,167.0,0.0,364.0
2023,7,NK,Spirit Air Lines,PBI,"West Palm Beach/Palm Beach, FL: Palm Beach International",31.0,3.0,0.98,0.78,1.02,0.0,0.22,0.0,0.0,203.0,87.0,73.0,24.0,0.0,19.0
2023,7,NK,Spirit Air Lines,PDX,"Portland, OR: Portland International",87.0,24.0,7.9,0.14,11.38,1.0,3.59,0.0,0.0,1483.0,364.0,10.0,743.0,25.0,341.0
2023,7,NK,Spirit Air Lines,PHL,"Philadelphia, PA: Philadelphia International",523.0,205.0,43.12,21.75,92.71,4.44,42.98,12.0,1.0,16668.0,3414.0,2060.0,7567.0,191.0,3436.0
2023,7,NK,Spirit Air Lines,PHX,"Phoenix, AZ: Phoenix Sky Harbor International",123.0,58.0,21.05,1.88,23.92,0.89,10.25,5.0,0.0,4225.0,1869.0,146.0,1481.0,17.0,712.0
2023,7,NK,Spirit Air Lines,PIT,"Pittsburgh, PA: Pittsburgh International",215.0,85.0,22.53,14.39,31.18,0.63,16.27,4.0,1.0,6764.0,1665.0,1069.0,2619.0,45.0,1366.0
2023,7,NK,Spirit Air Lines,PNS,"Pensacola, FL: Pensacola International",78.0,36.0,8.46,2.9,20.47,1.0,3.17,4.0,0.0,3300.0,785.0,334.0,1802.0,17.0,362.0
2023,7,NK,Spirit Air Lines,PSE,"Ponce, PR: Mercedita",30.0,14.0,5.58,2.73,3.96,0.0,1.73,0.0,0.0,1206.0,337.0,330.0,485.0,0.0,54.0
2023,7,NK,Spirit Air Lines,RDU,"Raleigh/Durham, NC: Raleigh-Durham International",62.0,27.0,5.65,5.0,7.16,1.0,8.18,3.0,0.0,2138.0,311.0,607.0,622.0,47.0,551.0
2023,7,NK,Spirit Air Lines,RIC,"Richmond, VA: Richmond International",92.0,33.0,14.04,3.24,11.41,0.17,4.13,1.0,0.0,2304.0,1065.0,181.0,776.0,18.0,264.0
2023,7,NK,Spirit Air Lines,RNO,"Reno, NV: Reno/Tahoe International",62.0,12.0,8.28,0.62,2.71,0.0,0.39,1.0,0.0,702.0,484.0,13.0,197.0,0.0,8.0
2023,7,NK,Spirit Air Lines,ROC,"Rochester, NY: Frederick Douglass Grtr Rochester International",49.0,10.0,1.89,0.0,6.26,0.0,1.85,0.0,0.0,648.0,193.0,0.0,251.0,0.0,204.0
2023,7,NK,Spirit Air Lines,RSW,"Fort Myers, FL: Southwest Florida International",90.0,22.0,5.82,0.71,13.59,0.0,1.88,1.0,0.0,1446.0,388.0,67.0,864.0,0.0,127.0
2023,7,NK,Spirit Air Lines,SAN,"San Diego, CA: San Diego International",148.0,40.0,10.72,2.59,18.14,0.0,8.54,0.0,0.0,1531.0,495.0,72.0,648.0,0.0,316.0
2023,7,NK,Spirit Air Lines,SAT,"San Antonio, TX: San Antonio International",139.0,38.0,15.2,1.54,11.27,1.0,8.99,0.0,0.0,2351.0,1052.0,183.0,648.0,26.0,442.0
2023,7,NK,Spirit Air Lines,SDF,"Louisville, KY: Louisville Muhammad Ali International",115.0,45.0,10.82,8.14,11.31,0.02,14.72,1.0,0.0,4486.0,715.0,759.0,1270.0,7.0,1735.0
2023,7,NK,Spirit Air Lines,SEA,"Seattle, WA: Seattle/Tacoma International",64.0,13.0,2.98,0.1,6.74,0.0,3.19,0.0,0.0,958.0,86.0,21.0,664.0,0.0,187.0
2023,7,NK,Spirit Air Lines,SJC,"San Jose, CA: Norman Y. Mineta San Jose International",124.0,24.0,8.37,0.0,9.18,0.0,6.45,0.0,0.0,1558.0,753.0,0.0,442.0,0.0,363.0
2023,7,NK,Spirit Air Lines,SJU,"San Juan, PR: Luis Munoz Marin International",583.0,299.0,99.36,20.48,112.94,4.13,62.09,12.0,0.0,24912.0,7138.0,2151.0,10164.0,159.0,5300.0
2023,7,NK,Spirit Air Lines,SLC,"Salt Lake City, UT: Salt Lake City International",143.0,55.0,14.03,4.25,19.28,0.0,17.44,1.0,0.0,3720.0,896.0,266.0,1379.0,0.0,1179.0
2023,7,NK,Spirit Air Lines,SMF,"Sacramento, CA: Sacramento International",111.0,27.0,9.78,0.47,13.32,0.0,3.43,1.0,0.0,1760.0,910.0,18.0,653.0,0.0,179.0
2023,7,NK,Spirit Air Lines,SNA,"Santa Ana, CA: John Wayne Airport-Orange County",124.0,18.0,5.23,0.0,4.61,0.0,8.16,1.0,0.0,2009.0,221.0,0.0,1356.0,0.0,432.0
2023,7,NK,Spirit Air Lines,STL,"St. Louis, MO: St Louis Lambert International",53.0,22.0,9.71,0.93,8.45,0.0,2.92,1.0,0.0,1263.0,335.0,113.0,515.0,0.0,300.0
2023,7,NK,Spirit Air Lines,STT,"Charlotte Amalie, VI: Cyril E King",62.0,25.0,10.09,2.95,5.45,1.48,5.03,0.0,0.0,1226.0,635.0,156.0,204.0,44.0,187.0
2023,7,NK,Spirit Air Lines,STX,"Christiansted, VI: Henry E. Rohlsen",30.0,15.0,7.86,3.81,3.33,0.0,0.0,0.0,1.0,473.0,199.0,175.0,99.0,0.0,0.0
2023,7,NK,Spirit Air Lines,TPA,"Tampa, FL: Tampa International",339.0,114.0,31.31,5.94,53.35,0.15,23.25,3.0,1.0,7782.0,2394.0,391.0,3431.0,4.0,1562.0
2023,6,NK,Spirit Air Lines,ABQ,"Albuquerque, NM: Albuquerque International Sunport",30.0,13.0,1.88,0.06,7.18,0.0,3.88,0.0,0.0,816.0,155.0,1.0,297.0,0.0,363.0
2023,6,NK,Spirit Air Lines,ACY,"Atlantic City, NJ: Atlantic City International",211.0,71.0,13.93,11.05,28.1,0.9,17.03,3.0,1.0,5588.0,1121.0,1096.0,1786.0,45.0,1540.0
2023,6,NK,Spirit Air Lines,ATL,"Atlanta, GA: Hartsfield-Jackson Atlanta International",1104.0,447.0,107.0,22.31,211.96,5.44,100.3,21.0,6.0,35644.0,10063.0,1992.0,13735.0,361.0,9493.0
2023,6,NK,Spirit Air Lines,AUS,"Austin, TX: Austin - Bergstrom International",240.0,74.0,20.6,6.31,30.81,0.38,15.9,10.0,1.0,5481.0,1523.0,651.0,1830.0,27.0,1450.0
2023,6,NK,Spirit Air Lines,BDL,"Hartford, CT: Bradley International",76.0,25.0,5.38,1.0,8.76,0.6,9.26,3.0,0.0,2297.0,381.0,100.0,653.0,9.0,1154.0
2023,6,NK,Spirit Air Lines,BNA,"Nashville, TN: Nashville International",281.0,99.0,35.74,5.32,35.82,0.13,21.99,10.0,3.0,8976.0,3207.0,576.0,3100.0,24.0,2069.0
2023,6,NK,Spirit Air Lines,BOI,"Boise, ID: Boise Air Terminal",30.0,10.0,2.54,0.17,4.53,0.0,2.77,1.0,0.0,778.0,297.0,6.0,333.0,0.0,142.0
2023,6,NK,Spirit Air Lines,BOS,"Boston, MA: Logan International",315.0,112.0,36.54,4.82,40.29,2.24,28.11,13.0,0.0,8306.0,3375.0,313.0,2433.0,67.0,2118.0
2023,6,NK,Spirit Air Lines,BQN,"Aguadilla, PR: Rafael Hernandez",59.0,31.0,6.04,7.1,8.28,2.35,7.23,5.0,0.0,2718.0,391.0,815.0,611.0,136.0,765.0
2023,6,NK,Spirit Air Lines,BUR,"Burbank, CA: Bob Hope",60.0,17.0,8.25,0.0,3.73,0.0,5.02,0.0,0.0,840.0,472.0,0.0,117.0,0.0,251.0
2023,6,NK,Spirit Air Lines,BWI,"Baltimore, MD: Baltimore/Washington International Thurgood Marshall",547.0,183.0,72.72,14.51,44.63,4.66,46.49,13.0,5.0,17733.0,6977.0,1395.0,3512.0,151.0,5698.0
2023,6,NK,Spirit Air Lines,CHS,"Charleston, SC: Charleston AFB/International",90.0,19.0,4.13,2.95,6.2,0.0,5.72,6.0,0.0,1660.0,234.0,162.0,779.0,0.0,485.0
2023,6,NK,Spirit Air Lines,CLE,"Cleveland, OH: Cleveland-Hopkins International",263.0,102.0,25.41,15.12,38.84,0.79,21.85,6.0,1.0,9351.0,2072.0,1825.0,2822.0,42.0,2590.0
2023,6,NK,Spirit Air Lines,CLT,"Charlotte, NC: Charlotte Douglas International",381.0,124.0,31.29,11.25,57.58,3.09,20.79,15.0,0.0,9345.0,2554.0,1277.0,3434.0,137.0,1943.0
2023,6,NK,Spirit Air Lines,CMH,"Columbus, OH: John Glenn Columbus International",154.0,70.0,18.41,7.06,27.04,2.78,14.72,6.0,0.0,4748.0,1272.0,661.0,1654.0,80.0,1081.0
2023,6,NK,Spirit Air Lines,DEN,"Denver, CO: Denver International",90.0,37.0,8.35,2.57,15.43,1.11,9.54,2.0,1.0,3792.0,1038.0,438.0,1183.0,37.0,1096.0
2023,6,NK,Spirit Air Lines,DFW,"Dallas/Fort Worth, TX: Dallas/Fort Worth International",916.0,374.0,81.39,21.29,182.88,4.15,84.29,20.0,6.0,31022.0,7517.0,1867.0,11589.0,158.0,9891.0
2023,6,NK,Spirit Air Lines,DTW,"Detroit, MI: Detroit Metro Wayne County",758.0,271.0,77.29,15.35,80.2,3.26,94.89,25.0,0.0,21825.0,5874.0,1948.0,4933.0,187.0,8883.0
2023,6,NK,Spirit Air Lines,EWR,"Newark, NJ: Newark Liberty International",734.0,284.0,77.02,9.4,148.0,2.72,46.86,44.0,6.0,23481.0,6397.0,920.0,12099.0,115.0,3950.0
2023,6,NK,Spirit Air Lines,FLL,"Fort Lauderdale, FL: Fort Lauderdale-Hollywood International",1694.0,634.0,149.85,18.52,246.7,3.47,215.46,63.0,22.0,56534.0,13874.0,1452.0,19008.0,189.0,22011.0
2023,6,NK,Spirit Air Lines,IAH,"Houston, TX: George Bush Intercontinental/Houston",673.0,275.0,73.46,17.04,106.63,2.33,75.53,14.0,3.0,24981.0,7445.0,1562.0,6771.0,135.0,9068.0
2023,6,NK,Spirit Air Lines,IND,"Indianapolis, IN: Indianapolis International",120.0,46.0,16.4,5.03,16.33,0.0,8.23,10.0,0.0,2940.0,900.0,265.0,1150.0,0.0,625.0
2023,6,NK,Spirit Air Lines,LAS,"Las Vegas, NV: Harry Reid International",2220.0,767.0,206.91,22.55,271.96,7.15,258.43,43.0,0.0,59341.0,15793.0,1642.0,17125.0,284.0,24497.0
2023,6,NK,Spirit Air Lines,LAX,"Los Angeles, CA: Los Angeles International",1093.0,440.0,143.96,17.57,192.09,3.02,83.37,35.0,1.0,33243.0,12178.0,1125.0,11321.0,264.0,8355.0
2023,6,NK,Spirit Air Lines,LBE,"Latrobe, PA: Arnold Palmer Regional",58.0,19.0,6.84,1.0,8.0,0.0,3.16,2.0,0.0,1745.0,566.0,61.0,668.0,0.0,450.0
2023,6,NK,Spirit Air Lines,LGA,"New York, NY: LaGuardia",422.0,140.0,48.6,13.92,56.41,1.64,19.42,26.0,3.0,10546.0,3648.0,1170.0,4131.0,45.0,1552.0
2023,6,NK,Spirit Air Lines,MCI,"Kansas City, MO: Kansas City International",113.0,44.0,10.11,5.78,15.37,0.0,12.74,1.0,0.0,4155.0,1156.0,665.0,1037.0,0.0,1297.0
2023,6,NK,Spirit Air Lines,MCO,"Orlando, FL: Orlando International",2476.0,1001.0,238.71,19.41,466.82,7.46,268.61,126.0,33.0,93683.0,24401.0,1872.0,37519.0,413.0,29478.0
2023,6,NK,Spirit Air Lines,MEM,"Memphis, TN: Memphis International",84.0,28.0,14.5,1.42,7.2,0.0,4.88,6.0,0.0,2540.0,1433.0,119.0,509.0,0.0,479.0
2023,6,NK,Spirit Air Lines,MHT,"Manchester, NH: Manchester Boston Regional",43.0,21.0,6.32,3.0,6.22,0.0,5.46,1.0,0.0,1518.0,547.0,274.0,428.0,0.0,269.0
2023,6,NK,Spirit Air Lines,MIA,"Miami, FL: Miami International",598.0,224.0,45.81,3.24,105.07,1.44,68.44,23.0,8.0,19242.0,4086.0,304.0,7074.0,275.0,7503.0
2023,6,NK,Spirit Air Lines,MKE,"Milwaukee, WI: General Mitchell International",59.0,22.0,9.77,2.71,5.52,0.0,4.0,3.0,0.0,2043.0,655.0,257.0,545.0,0.0,586.0
2023,6,NK,Spirit Air Lines,MSP,"Minneapolis, MN: Minneapolis-St Paul International",120.0,24.0,8.59,1.82,7.48,0.21,5.89,1.0,0.0,1890.0,921.0,88.0,248.0,6.0,627.0
2023,6,NK,Spirit Air Lines,MSY,"New Orleans, LA: Louis Armstrong New Orleans International",300.0,120.0,38.19,9.71,35.06,2.89,34.15,6.0,0.0,8906.0,3281.0,775.0,1800.0,220.0,2830.0
2023,6,NK,Spirit Air Lines,MYR,"Myrtle Beach, SC: Myrtle Beach International",422.0,102.0,32.05,3.73,25.71,0.0,40.51,12.0,0.0,9178.0,3272.0,578.0,1873.0,0.0,3455.0
2023,6,NK,Spirit Air Lines,OAK,"Oakland, CA: Metro Oakland International",253.0,76.0,23.47,1.13,22.52,0.0,28.88,3.0,0.0,5458.0,1759.0,43.0,1280.0,0.0,2376.0
2023,6,NK,Spirit Air Lines,ORD,"Chicago, IL: Chicago O'Hare International",647.0,251.0,66.64,16.0,95.07,1.59,71.7,15.0,0.0,20333.0,4529.0,1506.0,6994.0,58.0,7246.0
2023,6,NK,Spirit Air Lines,ORF,"Norfolk, VA: Norfolk International",60.0,14.0,5.38,2.17,3.87,0.0,2.58,3.0,0.0,1234.0,455.0,174.0,285.0,0.0,320.0
2023,6,NK,Spirit Air Lines,PBI,"West Palm Beach/Palm Beach, FL: Palm Beach International",30.0,5.0,2.27,0.0,1.73,0.0,1.0,2.0,0.0,168.0,84.0,0.0,36.0,0.0,48.0
2023,6,NK,Spirit Air Lines,PDX,"Portland, OR: Portland International",80.0,31.0,12.57,0.64,12.09,0.0,5.7,2.0,0.0,1839.0,864.0,28.0,568.0,0.0,379.0
2023,6,NK,Spirit Air Lines,PHL,"Philadelphia, PA: Philadelphia International",512.0,196.0,42.08,12.24,84.88,3.19,53.61,11.0,1.0,15926.0,3827.0,1290.0,6103.0,129.0,4577.0
2023,6,NK,Spirit Air Lines,PHX,"Phoenix, AZ: Phoenix Sky Harbor International",120.0,57.0,10.7,3.23,26.74,1.1,15.23,5.0,0.0,3981.0,1405.0,170.0,1152.0,31.0,1223.0
2023,6,NK,Spirit Air Lines,PIT,"Pittsburgh, PA: Pittsburgh International",210.0,76.0,25.49,6.58,25.26,2.14,16.53,14.0,0.0,5568.0,2046.0,721.0,1700.0,63.0,1038.0
2023,6,NK,Spirit Air Lines,PNS,"Pensacola, FL: Pensacola International",60.0,19.0,5.66,0.59,7.7,0.0,5.05,5.0,0.0,1358.0,590.0,38.0,384.0,0.0,346.0
2023,6,NK,Spirit Air Lines,PSE,"Ponce, PR: Mercedita",30.0,13.0,5.26,0.44,4.75,0.55,2.0,0.0,0.0,761.0,368.0,37.0,281.0,11.0,64.0
2023,6,NK,Spirit Air Lines,RDU,"Raleigh/Durham, NC: Raleigh-Durham International",60.0,26.0,6.77,3.77,7.32,3.97,4.17,4.0,0.0,1761.0,465.0,308.0,464.0,144.0,380.0
2023,6,NK,Spirit Air Lines,RIC,"Richmond, VA: Richmond International",90.0,43.0,7.02,4.36,19.42,0.0,12.21,0.0,0.0,4365.0,655.0,333.0,1875.0,0.0,1502.0
2023,6,NK,Spirit Air Lines,RNO,"Reno, NV: Reno/Tahoe International",60.0,7.0,1.56,0.0,2.96,0.0,2.48,4.0,0.0,553.0,68.0,0.0,206.0,0.0,279.0
2023,6,NK,Spirit Air Lines,ROC,"Rochester, NY: Frederick Douglass Grtr Rochester International",47.0,9.0,0.52,0.0,5.48,0.0,3.0,2.0,0.0,483.0,13.0,0.0,244.0,0.0,226.0
2023,6,NK,Spirit Air Lines,RSW,"Fort Myers, FL: Southwest Florida International",90.0,22.0,5.79,0.96,6.9,0.0,8.34,1.0,0.0,1467.0,338.0,80.0,338.0,0.0,711.0
2023,6,NK,Spirit Air Lines,SAN,"San Diego, CA: San Diego International",134.0,40.0,8.99,0.02,15.3,0.0,15.7,3.0,0.0,2538.0,459.0,3.0,792.0,0.0,1284.0
2023,6,NK,Spirit Air Lines,SAT,"San Antonio, TX: San Antonio International",136.0,47.0,18.51,4.82,9.75,1.0,12.91,2.0,0.0,3989.0,1237.0,428.0,489.0,17.0,1818.0
2023,6,NK,Spirit Air Lines,SDF,"Louisville, KY: Louisville Muhammad Ali International",120.0,51.0,16.86,4.36,14.0,0.06,15.72,3.0,1.0,4210.0,1200.0,469.0,1153.0,8.0,1380.0
2023,6,NK,Spirit Air Lines,SEA,"Seattle, WA: Seattle/Tacoma International",80.0,30.0,8.78,0.65,13.23,0.0,7.34,1.0,0.0,1951.0,568.0,14.0,501.0,0.0,868.0
2023,6,NK,Spirit Air Lines,SJC,"San Jose, CA: Norman Y. Mineta San Jose International",96.0,29.0,6.32,0.0,6.39,0.67,15.61,1.0,0.0,2087.0,282.0,0.0,528.0,37.0,1240.0
2023,6,NK,Spirit Air Lines,SJU,"San Juan, PR: Luis Munoz Marin International",565.0,302.0,95.22,18.64,107.49,3.8,76.85,29.0,0.0,25730.0,6704.0,2291.0,8305.0,156.0,8274.0
2023,6,NK,Spirit Air Lines,SLC,"Salt Lake City, UT: Salt Lake City International",120.0,50.0,12.98,3.11,19.81,0.0,14.09,1.0,1.0,3322.0,905.0,313.0,852.0,0.0,1252.0
2023,6,NK,Spirit Air Lines,SMF,"Sacramento, CA: Sacramento International",104.0,34.0,11.89,1.76,10.61,0.0,9.74,1.0,0.0,2038.0,509.0,81.0,524.0,0.0,924.0
2023,6,NK,Spirit Air Lines,SNA,"Santa Ana, CA: John Wayne Airport-Orange County",120.0,27.0,7.31,0.0,7.39,0.0,12.3,1.0,1.0,1715.0,575.0,0.0,207.0,0.0,933.0
2023,6,NK,Spirit Air Lines,STL,"St. Louis, MO: St Louis Lambert International",60.0,20.0,8.56,0.96,5.77,0.99,3.72,4.0,0.0,1456.0,727.0,49.0,313.0,116.0,251.0
2023,6,NK,Spirit Air Lines,STT,"Charlotte Amalie, VI: Cyril E King",60.0,29.0,7.49,4.45,7.74,1.72,7.6,1.0,0.0,2777.0,986.0,420.0,465.0,72.0,834.0
2023,6,NK,Spirit Air Lines,STX,"Christiansted, VI: Henry E. Rohlsen",30.0,12.0,4.0,1.0,5.57,0.0,1.43,0.0,0.0,913.0,481.0,85.0,135.0,0.0,212.0
2023,6,NK,Spirit Air Lines,TPA,"Tampa, FL: Tampa International",347.0,135.0,40.39,5.25,56.23,1.66,31.47,4.0,1.0,10759.0,2772.0,418.0,3983.0,172.0,3414.0
2023,5,NK,Spirit Air Lines,ABQ,"Albuquerque, NM: Albuquerque International Sunport",31.0,7.0,1.45,0.0,3.69,0.0,1.86,0.0,0.0,467.0,40.0,0.0,164.0,0.0,263.0
2023,5,NK,Spirit Air Lines,ACY,"Atlantic City, NJ: Atlantic City International",229.0,51.0,12.09,3.6,23.06,0.17,12.08,0.0,1.0,2943.0,693.0,306.0,1109.0,16.0,819.0
2023,5,NK,Spirit Air Lines,ATL,"Atlanta, GA: Hartsfield-Jackson Atlanta International",1221.0,330.0,97.24,9.41,140.53,5.33,77.49,5.0,0.0,18721.0,6002.0,851.0,6561.0,234.0,5073.0
2023,5,NK,Spirit Air Lines,AUS,"Austin, TX: Austin - Bergstrom International",247.0,47.0,18.0,1.36,19.84,0.91,6.9,2.0,0.0,1984.0,777.0,59.0,723.0,47.0,378.0
2023,5,NK,Spirit Air Lines,BDL,"Hartford, CT: Bradley International",93.0,21.0,4.01,0.86,12.12,0.0,4.01,0.0,0.0,1735.0,218.0,83.0,838.0,0.0,596.0
2023,5,NK,Spirit Air Lines,BNA,"Nashville, TN: Nashville International",298.0,54.0,23.28,2.27,15.44,0.84,12.17,3.0,2.0,4178.0,2283.0,178.0,729.0,63.0,925.0
2023,5,NK,Spirit Air Lines,BOI,"Boise, ID: Boise Air Terminal",31.0,18.0,6.95,0.35,7.52,0.0,3.18,1.0,0.0,1629.0,863.0,33.0,317.0,0.0,416.0
2023,5,NK,Spirit Air Lines,BOS,"Boston, MA: Logan International",316.0,64.0,19.36,3.48,24.99,1.86,14.31,4.0,0.0,3678.0,1066.0,280.0,856.0,48.0,1428.0
2023,5,NK,Spirit Air Lines,BQN,"Aguadilla, PR: Rafael Hernandez",62.0,30.0,12.86,5.41,5.79,0.0,5.94,1.0,0.0,1799.0,682.0,408.0,310.0,0.0,399.0
2023,5,NK,Spirit Air Lines,BUR,"Burbank, CA: Bob Hope",66.0,20.0,3.51,0.0,12.3,0.0,4.19,0.0,1.0,811.0,172.0,0.0,506.0,0.0,133.0
2023,5,NK,Spirit Air Lines,BWI,"Baltimore, MD: Baltimore/Washington International Thurgood Marshall",590.0,136.0,50.1,8.36,39.92,1.8,35.82,1.0,0.0,7958.0,2659.0,513.0,2336.0,77.0,2373.0
2023,5,NK,Spirit Air Lines,CHS,"Charleston, SC: Charleston AFB/International",93.0,13.0,1.46,0.28,6.52,0.0,4.74,0.0,0.0,949.0,88.0,22.0,534.0,0.0,305.0
2023,5,NK,Spirit Air Lines,CLE,"Cleveland, OH: Cleveland-Hopkins International",252.0,73.0,23.39,5.38,24.25,4.15,15.83,0.0,0.0,5411.0,1675.0,379.0,1605.0,188.0,1564.0
2023,5,NK,Spirit Air Lines,CLT,"Charlotte, NC: Charlotte Douglas International",348.0,83.0,30.04,3.17,30.55,1.42,17.82,5.0,0.0,4659.0,1472.0,345.0,1768.0,74.0,1000.0
2023,5,NK,Spirit Air Lines,CMH,"Columbus, OH: John Glenn Columbus International",158.0,50.0,17.75,2.87,19.36,1.0,9.02,1.0,0.0,2929.0,1010.0,91.0,939.0,22.0,867.0
2023,5,NK,Spirit Air Lines,CRW,"Charleston/Dunbar, WV: West Virginia International Yeager",2.0,0.0,0.0,0.0,0.0,0.0,0.0,0.0,0.0,0.0,0.0,0.0,0.0,0.0,0.0
2023,5,NK,Spirit Air Lines,DEN,"Denver, CO: Denver International",104.0,22.0,6.74,2.67,7.62,0.89,4.08,0.0,0.0,1068.0,219.0,264.0,273.0,29.0,283.0
2023,5,NK,Spirit Air Lines,DFW,"Dallas/Fort Worth, TX: Dallas/Fort Worth International",931.0,245.0,65.53,9.45,111.24,3.78,55.01,7.0,4.0,15465.0,3525.0,806.0,5622.0,117.0,5395.0
2023,5,NK,Spirit Air Lines,DTW,"Detroit, MI: Detroit Metro Wayne County",902.0,185.0,64.89,10.65,46.94,4.85,57.68,1.0,0.0,12391.0,3918.0,867.0,2812.0,191.0,4603.0
2023,5,NK,Spirit Air Lines,EWR,"Newark, NJ: Newark Liberty International",773.0,176.0,52.88,7.63,72.83,4.47,38.19,4.0,0.0,10713.0,3582.0,740.0,3552.0,142.0,2697.0
2023,5,NK,Spirit Air Lines,FLL,"Fort Lauderdale, FL: Fort Lauderdale-Hollywood International",1825.0,428.0,119.49,12.93,165.23,5.45,124.9,19.0,8.0,27475.0,7630.0,1503.0,8699.0,140.0,9503.0
2023,5,NK,Spirit Air Lines,IAH,"Houston, TX: George Bush Intercontinental/Houston",689.0,205.0,58.99,10.5,95.22,2.29,38.01,2.0,6.0,15966.0,4037.0,932.0,6559.0,115.0,4323.0
2023,5,NK,Spirit Air Lines,IND,"Indianapolis, IN: Indianapolis International",130.0,29.0,8.02,1.5,10.08,1.59,7.81,1.0,0.0,2402.0,678.0,666.0,478.0,34.0,546.0
2023,5,NK,Spirit Air Lines,LAS,"Las Vegas, NV: Harry Reid International",2503.0,781.0,122.77,14.87,506.15,7.66,129.56,35.0,0.0,53374.0,7612.0,1997.0,32777.0,264.0,10724.0
2023,5,NK,Spirit Air Lines,LAX,"Los Angeles, CA: Los Angeles International",1131.0,260.0,87.48,9.24,108.99,3.69,50.6,3.0,0.0,17582.0,6420.0,576.0,5851.0,126.0,4609.0
2023,5,NK,Spirit Air Lines,LBE,"Latrobe, PA: Arnold Palmer Regional",58.0,9.0,4.39,0.0,1.75,0.0,2.87,1.0,0.0,480.0,215.0,0.0,102.0,0.0,163.0
2023,5,NK,Spirit Air Lines,LGA,"New York, NY: LaGuardia",461.0,76.0,28.13,6.47,25.45,0.47,15.49,4.0,0.0,4283.0,1424.0,410.0,1097.0,15.0,1337.0
2023,5,NK,Spirit Air Lines,MCI,"Kansas City, MO: Kansas City International",124.0,47.0,12.7,0.85,25.34,0.42,7.69,0.0,0.0,3629.0,1254.0,123.0,1665.0,25.0,562.0
2023,5,NK,Spirit Air Lines,MCO,"Orlando, FL: Orlando International",2640.0,703.0,182.75,7.03,297.72,6.9,208.61,24.0,17.0,47234.0,11811.0,583.0,16577.0,289.0,17974.0
2023,5,NK,Spirit Air Lines,MEM,"Memphis, TN: Memphis International",62.0,19.0,8.27,1.55,7.49,0.0,1.69,2.0,0.0,887.0,401.0,73.0,318.0,0.0,95.0
2023,5,NK,Spirit Air Lines,MHT,"Manchester, NH: Manchester Boston Regional",53.0,13.0,3.31,0.0,5.16,3.88,0.64,0.0,0.0,881.0,329.0,0.0,413.0,96.0,43.0
2023,5,NK,Spirit Air Lines,MIA,"Miami, FL: Miami International",619.0,151.0,35.91,3.7,75.67,1.55,34.17,2.0,8.0,9405.0,2328.0,370.0,3704.0,138.0,2865.0
2023,5,NK,Spirit Air Lines,MKE,"Milwaukee, WI: General Mitchell International",61.0,26.0,4.03,0.05,14.58,0.46,6.88,0.0,0.0,1771.0,284.0,4.0,1043.0,16.0,424.0
2023,5,NK,Spirit Air Lines,MSP,"Minneapolis, MN: Minneapolis-St Paul International",124.0,22.0,7.01,0.0,7.45,0.0,7.55,0.0,0.0,972.0,295.0,0.0,371.0,0.0,306.0
2023,5,NK,Spirit Air Lines,MSY,"New Orleans, LA: Louis Armstrong New Orleans International",325.0,84.0,26.39,6.33,31.25,0.08,19.95,3.0,1.0,5133.0,1577.0,544.0,1512.0,5.0,1495.0
2023,5,NK,Spirit Air Lines,MYR,"Myrtle Beach, SC: Myrtle Beach International",491.0,65.0,23.19,1.0,16.72,0.46,23.63,2.0,1.0,3741.0,1094.0,41.0,831.0,28.0,1747.0
2023,5,NK,Spirit Air Lines,OAK,"Oakland, CA: Metro Oakland International",272.0,54.0,13.96,1.68,30.0,0.16,8.21,4.0,0.0,4191.0,1561.0,64.0,2072.0,8.0,486.0
2023,5,NK,Spirit Air Lines,ORD,"Chicago, IL: Chicago O'Hare International",709.0,223.0,60.15,5.31,91.07,4.6,61.87,1.0,2.0,14051.0,3534.0,538.0,4630.0,169.0,5180.0
2023,5,NK,Spirit Air Lines,ORF,"Norfolk, VA: Norfolk International",62.0,14.0,5.79,0.54,3.4,0.0,4.26,1.0,1.0,686.0,284.0,28.0,119.0,0.0,255.0
2023,5,NK,Spirit Air Lines,PBI,"West Palm Beach/Palm Beach, FL: Palm Beach International",31.0,1.0,0.0,0.0,1.0,0.0,0.0,0.0,0.0,26.0,0.0,0.0,26.0,0.0,0.0
2023,5,NK,Spirit Air Lines,PDX,"Portland, OR: Portland International",97.0,24.0,6.6,0.55,11.8,0.0,5.04,2.0,0.0,1306.0,310.0,44.0,705.0,0.0,247.0
2023,5,NK,Spirit Air Lines,PHL,"Philadelphia, PA: Philadelphia International",531.0,137.0,49.87,4.49,43.83,2.15,36.67,5.0,0.0,9227.0,3104.0,279.0,2297.0,79.0,3468.0
2023,5,NK,Spirit Air Lines,PHX,"Phoenix, AZ: Phoenix Sky Harbor International",129.0,34.0,8.27,2.72,15.7,2.41,4.92,5.0,0.0,2007.0,416.0,283.0,911.0,58.0,339.0
2023,5,NK,Spirit Air Lines,PIT,"Pittsburgh, PA: Pittsburgh International",223.0,49.0,18.3,3.76,15.72,0.33,10.89,2.0,1.0,3629.0,1482.0,250.0,1180.0,13.0,704.0
2023,5,NK,Spirit Air Lines,PNS,"Pensacola, FL: Pensacola International",62.0,19.0,7.7,0.76,6.18,0.43,3.93,0.0,0.0,959.0,447.0,38.0,297.0,17.0,160.0
2023,5,NK,Spirit Air Lines,PSE,"Ponce, PR: Mercedita",31.0,9.0,3.11,0.0,4.61,1.0,0.28,0.0,0.0,234.0,92.0,0.0,120.0,17.0,5.0
2023,5,NK,Spirit Air Lines,RDU,"Raleigh/Durham, NC: Raleigh-Durham International",70.0,21.0,8.28,2.48,5.54,0.17,4.53,3.0,0.0,1019.0,336.0,159.0,282.0,3.0,239.0
2023,5,NK,Spirit Air Lines,RIC,"Richmond, VA: Richmond International",89.0,37.0,7.02,3.41,19.79,0.0,6.78,0.0,0.0,2260.0,656.0,274.0,1015.0,0.0,315.0
2023,5,NK,Spirit Air Lines,RNO,"Reno, NV: Reno/Tahoe International",62.0,17.0,2.39,0.49,13.18,0.0,0.94,3.0,0.0,758.0,104.0,15.0,609.0,0.0,30.0
2023,5,NK,Spirit Air Lines,ROC,"Rochester, NY: Frederick Douglass Grtr Rochester International",47.0,0.0,0.0,0.0,0.0,0.0,0.0,0.0,0.0,0.0,0.0,0.0,0.0,0.0,0.0
2023,5,NK,Spirit Air Lines,RSW,"Fort Myers, FL: Southwest Florida International",106.0,16.0,6.68,0.66,4.49,0.0,4.16,0.0,0.0,2033.0,1126.0,95.0,614.0,0.0,198.0
2023,5,NK,Spirit Air Lines,SAN,"San Diego, CA: San Diego International",130.0,35.0,6.22,0.0,24.72,0.0,4.07,2.0,0.0,1704.0,336.0,0.0,1166.0,0.0,202.0
2023,5,NK,Spirit Air Lines,SAT,"San Antonio, TX: San Antonio International",151.0,17.0,8.64,0.56,3.33,0.0,4.47,0.0,0.0,1250.0,661.0,57.0,152.0,0.0,380.0
2023,5,NK,Spirit Air Lines,SDF,"Louisville, KY: Louisville Muhammad Ali International",134.0,44.0,15.86,2.94,16.62,0.0,8.58,1.0,0.0,3223.0,883.0,218.0,1257.0,0.0,865.0
2023,5,NK,Spirit Air Lines,SEA,"Seattle, WA: Seattle/Tacoma International",96.0,21.0,3.83,0.6,14.83,0.15,1.6,0.0,0.0,1208.0,210.0,31.0,877.0,8.0,82.0
2023,5,NK,Spirit Air Lines,SJU,"San Juan, PR: Luis Munoz Marin International",533.0,142.0,52.3,14.46,44.65,3.75,26.84,1.0,0.0,9080.0,3975.0,1053.0,2119.0,144.0,1789.0
2023,5,NK,Spirit Air Lines,SLC,"Salt Lake City, UT: Salt Lake City International",124.0,30.0,8.92,0.0,13.84,0.0,7.24,1.0,1.0,1677.0,561.0,0.0,643.0,0.0,473.0
2023,5,NK,Spirit Air Lines,SMF,"Sacramento, CA: Sacramento International",96.0,26.0,8.18,0.0,15.08,0.0,2.74,5.0,0.0,1989.0,577.0,0.0,1021.0,0.0,391.0
2023,5,NK,Spirit Air Lines,SNA,"Santa Ana, CA: John Wayne Airport-Orange County",124.0,13.0,4.73,0.04,5.97,0.0,2.26,1.0,0.0,559.0,272.0,1.0,223.0,0.0,63.0
2023,5,NK,Spirit Air Lines,STL,"St. Louis, MO: St Louis Lambert International",60.0,25.0,5.15,0.0,13.0,0.39,6.46,1.0,0.0,2048.0,493.0,0.0,1012.0,20.0,523.0
2023,5,NK,Spirit Air Lines,STT,"Charlotte Amalie, VI: Cyril E King",62.0,12.0,6.11,0.92,1.95,0.88,2.14,0.0,1.0,758.0,331.0,111.0,116.0,24.0,176.0
2023,5,NK,Spirit Air Lines,STX,"Christiansted, VI: Henry E. Rohlsen",31.0,3.0,1.18,0.96,0.05,0.0,0.81,0.0,0.0,316.0,29.0,213.0,9.0,0.0,65.0
2023,5,NK,Spirit Air Lines,TPA,"Tampa, FL: Tampa International",401.0,93.0,31.97,1.64,40.24,0.0,19.15,1.0,0.0,5522.0,1499.0,297.0,2536.0,0.0,1190.0
2023,4,NK,Spirit Air Lines,ABQ,"Albuquerque, NM: Albuquerque International Sunport",30.0,2.0,0.0,0.0,2.0,0.0,0.0,0.0,0.0,58.0,0.0,0.0,58.0,0.0,0.0
2023,4,NK,Spirit Air Lines,ACY,"Atlantic City, NJ: Atlantic City International",292.0,114.0,34.17,5.82,36.7,4.65,32.66,14.0,0.0,8268.0,2180.0,1297.0,1960.0,134.0,2697.0
2023,4,NK,Spirit Air Lines,ATL,"Atlanta, GA: Hartsfield-Jackson Atlanta International",1241.0,455.0,109.33,11.98,206.36,7.83,119.51,34.0,0.0,34163.0,8503.0,808.0,12994.0,497.0,11361.0
2023,4,NK,Spirit Air Lines,AUS,"Austin, TX: Austin - Bergstrom International",239.0,78.0,25.51,3.48,32.94,1.83,14.25,8.0,0.0,5849.0,2420.0,190.0,2115.0,46.0,1078.0
2023,4,NK,Spirit Air Lines,BDL,"Hartford, CT: Bradley International",100.0,26.0,9.36,4.25,9.9,0.0,2.49,1.0,0.0,1605.0,544.0,365.0,473.0,0.0,223.0
2023,4,NK,Spirit Air Lines,BNA,"Nashville, TN: Nashville International",270.0,100.0,40.84,3.79,32.86,1.86,20.66,9.0,0.0,6865.0,2562.0,164.0,2216.0,74.0,1849.0
2023,4,NK,Spirit Air Lines,BOI,"Boise, ID: Boise Air Terminal",30.0,9.0,3.02,0.0,5.98,0.0,0.0,3.0,0.0,335.0,114.0,0.0,221.0,0.0,0.0
2023,4,NK,Spirit Air Lines,BOS,"Boston, MA: Logan International",508.0,190.0,46.68,6.51,84.73,3.07,49.01,20.0,0.0,14080.0,3723.0,544.0,5953.0,106.0,3754.0
2023,4,NK,Spirit Air Lines,BQN,"Aguadilla, PR: Rafael Hernandez",59.0,34.0,10.38,3.77,10.51,0.55,8.78,2.0,0.0,2004.0,490.0,313.0,582.0,31.0,588.0
2023,4,NK,Spirit Air Lines,BUR,"Burbank, CA: Bob Hope",86.0,18.0,4.77,0.0,9.2,0.0,4.03,4.0,0.0,779.0,297.0,0.0,319.0,0.0,163.0
2023,4,NK,Spirit Air Lines,BWI,"Baltimore, MD: Baltimore/Washington International Thurgood Marshall",549.0,196.0,73.39,9.2,64.79,3.22,45.4,18.0,1.0,15308.0,4978.0,808.0,4728.0,90.0,4704.0
2023,4,NK,Spirit Air Lines,CHS,"Charleston, SC: Charleston AFB/International",78.0,28.0,12.2,0.0,9.28,0.0,6.51,10.0,0.0,1834.0,963.0,0.0,506.0,0.0,365.0
2023,4,NK,Spirit Air Lines,CLE,"Cleveland, OH: Cleveland-Hopkins International",272.0,111.0,37.84,5.64,34.55,2.12,30.85,10.0,0.0,8579.0,2663.0,530.0,2119.0,142.0,3125.0
2023,4,NK,Spirit Air Lines,CLT,"Charlotte, NC: Charlotte Douglas International",266.0,109.0,33.54,3.85,47.49,1.77,22.36,8.0,0.0,6872.0,2076.0,244.0,2704.0,126.0,1722.0
2023,4,NK,Spirit Air Lines,CMH,"Columbus, OH: John Glenn Columbus International",152.0,54.0,22.77,1.8,21.07,2.67,5.7,5.0,0.0,3754.0,1570.0,125.0,1589.0,101.0,369.0
2023,4,NK,Spirit Air Lines,CRW,"Charleston/Dunbar, WV: West Virginia International Yeager",18.0,7.0,2.23,1.0,2.85,0.0,0.92,0.0,0.0,625.0,103.0,88.0,387.0,0.0,47.0
2023,4,NK,Spirit Air Lines,DEN,"Denver, CO: Denver International",183.0,61.0,16.47,1.16,28.26,2.77,12.34,7.0,1.0,4367.0,1430.0,55.0,1775.0,75.0,1032.0
2023,4,NK,Spirit Air Lines,DFW,"Dallas/Fort Worth, TX: Dallas/Fort Worth International",745.0,294.0,91.43,5.98,123.86,3.06,69.68,20.0,1.0,21629.0,6433.0,664.0,8556.0,122.0,5854.0
2023,4,NK,Spirit Air Lines,DTW,"Detroit, MI: Detroit Metro Wayne County",921.0,283.0,91.77,11.02,95.34,5.38,79.5,10.0,0.0,20281.0,6616.0,1054.0,6284.0,202.0,6125.0
2023,4,NK,Spirit Air Lines,EWR,"Newark, NJ: Newark Liberty International",739.0,299.0,74.16,16.8,149.05,5.07,53.92,39.0,4.0,23735.0,5291.0,1663.0,11606.0,293.0,4882.0
2023,4,NK,Spirit Air Lines,FLL,"Fort Lauderdale, FL: Fort Lauderdale-Hollywood International",2062.0,773.0,154.82,17.1,391.1,7.07,202.91,183.0,18.0,63731.0,13579.0,1598.0,30396.0,209.0,17949.0
2023,4,NK,Spirit Air Lines,IAH,"Houston, TX: George Bush Intercontinental/Houston",657.0,237.0,71.57,6.71,105.5,2.77,50.45,14.0,0.0,19421.0,5270.0,606.0,8496.0,179.0,4870.0
2023,4,NK,Spirit Air Lines,IND,"Indianapolis, IN: Indianapolis International",191.0,66.0,24.57,1.8,14.78,2.97,21.88,10.0,0.0,5392.0,1849.0,123.0,1291.0,174.0,1955.0
2023,4,NK,Spirit Air Lines,LAS,"Las Vegas, NV: Harry Reid International",2524.0,853.0,159.77,14.6,463.94,2.94,211.76,72.0,1.0,63458.0,11422.0,1065.0,34939.0,141.0,15891.0
2023,4,NK,Spirit Air Lines,LAX,"Los Angeles, CA: Los Angeles International",989.0,292.0,107.61,5.25,119.91,5.07,54.15,18.0,2.0,19106.0,6862.0,672.0,7424.0,210.0,3938.0
2023,4,NK,Spirit Air Lines,LBE,"Latrobe, PA: Arnold Palmer Regional",30.0,15.0,3.75,0.91,6.0,0.0,4.33,0.0,0.0,1014.0,176.0,55.0,387.0,0.0,396.0
2023,4,NK,Spirit Air Lines,LGA,"New York, NY: LaGuardia",448.0,132.0,39.25,7.79,52.82,4.58,27.57,22.0,4.0,10479.0,3042.0,530.0,4376.0,220.0,2311.0
2023,4,NK,Spirit Air Lines,MCI,"Kansas City, MO: Kansas City International",120.0,48.0,12.7,2.29,23.44,1.95,7.61,2.0,0.0,3533.0,708.0,198.0,1737.0,104.0,786.0
2023,4,NK,Spirit Air Lines,MCO,"Orlando, FL: Orlando International",2569.0,971.0,232.25,20.35,431.28,4.63,282.49,79.0,7.0,78705.0,19557.0,2594.0,29722.0,205.0,26627.0
2023,4,NK,Spirit Air Lines,MEM,"Memphis, TN: Memphis International",60.0,34.0,11.05,0.8,14.62,0.83,6.7,4.0,0.0,2038.0,591.0,42.0,979.0,39.0,387.0
2023,4,NK,Spirit Air Lines,MHT,"Manchester, NH: Manchester Boston Regional",69.0,12.0,3.65,0.93,4.67,0.0,2.75,4.0,0.0,1507.0,196.0,83.0,622.0,0.0,606.0
2023,4,NK,Spirit Air Lines,MIA,"Miami, FL: Miami International",599.0,272.0,58.75,5.46,139.99,1.6,66.2,9.0,1.0,23879.0,4955.0,619.0,10397.0,53.0,7855.0
2023,4,NK,Spirit Air Lines,MKE,"Milwaukee, WI: General Mitchell International",82.0,22.0,9.59,0.1,8.39,0.0,3.92,2.0,0.0,1529.0,776.0,9.0,536.0,0.0,208.0
2023,4,NK,Spirit Air Lines,MSP,"Minneapolis, MN: Minneapolis-St Paul International",143.0,30.0,14.65,0.0,7.36,0.0,7.99,5.0,0.0,1711.0,879.0,0.0,310.0,0.0,522.0
2023,4,NK,Spirit Air Lines,MSY,"New Orleans, LA: Louis Armstrong New Orleans International",420.0,142.0,45.31,3.11,46.68,3.04,43.85,7.0,0.0,11424.0,3520.0,242.0,3910.0,113.0,3639.0
2023,4,NK,Spirit Air Lines,MYR,"Myrtle Beach, SC: Myrtle Beach International",415.0,149.0,55.55,4.34,51.69,1.13,36.28,10.0,0.0,11317.0,3521.0,478.0,3472.0,118.0,3728.0
2023,4,NK,Spirit Air Lines,OAK,"Oakland, CA: Metro Oakland International",223.0,72.0,17.69,0.08,35.55,0.0,18.69,4.0,0.0,4774.0,1207.0,19.0,2354.0,0.0,1194.0
2023,4,NK,Spirit Air Lines,ORD,"Chicago, IL: Chicago O'Hare International",664.0,260.0,74.62,4.87,111.15,5.96,63.4,19.0,2.0,19714.0,4799.0,449.0,8114.0,271.0,6081.0
2023,4,NK,Spirit Air Lines,ORF,"Norfolk, VA: Norfolk International",59.0,16.0,5.02,1.0,8.46,0.0,1.51,3.0,0.0,914.0,296.0,25.0,489.0,0.0,104.0
2023,4,NK,Spirit Air Lines,PBI,"West Palm Beach/Palm Beach, FL: Palm Beach International",30.0,14.0,2.65,0.0,8.78,0.0,2.57,0.0,1.0,694.0,98.0,0.0,363.0,0.0,233.0
2023,4,NK,Spirit Air Lines,PDX,"Portland, OR: Portland International",120.0,31.0,9.21,0.57,15.73,0.38,5.12,2.0,0.0,1707.0,475.0,26.0,796.0,12.0,398.0
2023,4,NK,Spirit Air Lines,PHL,"Philadelphia, PA: Philadelphia International",527.0,202.0,52.39,10.53,78.38,5.25,55.46,20.0,0.0,16078.0,3738.0,716.0,5837.0,231.0,5556.0
2023,4,NK,Spirit Air Lines,PHX,"Phoenix, AZ: Phoenix Sky Harbor International",182.0,63.0,16.3,2.22,23.97,2.0,18.5,9.0,0.0,3978.0,869.0,103.0,1570.0,85.0,1351.0
2023,4,NK,Spirit Air Lines,PIT,"Pittsburgh, PA: Pittsburgh International",260.0,90.0,27.68,5.12,28.53,1.35,27.33,5.0,1.0,6000.0,1771.0,495.0,1617.0,44.0,2073.0
2023,4,NK,Spirit Air Lines,PNS,"Pensacola, FL: Pensacola International",60.0,18.0,4.97,1.87,8.64,0.0,2.52,4.0,0.0,1005.0,367.0,69.0,321.0,0.0,248.0
2023,4,NK,Spirit Air Lines,PSE,"Ponce, PR: Mercedita",30.0,9.0,2.88,3.85,1.09,0.0,1.17,5.0,1.0,1378.0,170.0,959.0,224.0,0.0,25.0
2023,4,NK,Spirit Air Lines,RDU,"Raleigh/Durham, NC: Raleigh-Durham International",116.0,55.0,12.92,2.08,23.35,0.53,16.13,6.0,0.0,4847.0,752.0,142.0,2197.0,52.0,1704.0
2023,4,NK,Spirit Air Lines,RIC,"Richmond, VA: Richmond International",60.0,22.0,8.82,3.12,6.9,0.0,3.15,3.0,0.0,1264.0,454.0,155.0,450.0,0.0,205.0
2023,4,NK,Spirit Air Lines,RNO,"Reno, NV: Reno/Tahoe International",60.0,11.0,3.62,0.0,5.52,0.0,1.86,2.0,0.0,411.0,139.0,0.0,232.0,0.0,40.0
2023,4,NK,Spirit Air Lines,ROC,"Rochester, NY: Frederick Douglass Grtr Rochester International",30.0,4.0,2.5,0.0,1.18,0.0,0.32,0.0,0.0,246.0,188.0,0.0,22.0,0.0,36.0
2023,4,NK,Spirit Air Lines,RSW,"Fort Myers, FL: Southwest Florida International",191.0,39.0,15.83,0.0,18.78,0.0,4.39,8.0,1.0,1983.0,647.0,0.0,1000.0,0.0,336.0
2023,4,NK,Spirit Air Lines,SAN,"San Diego, CA: San Diego International",166.0,60.0,16.83,0.11,31.86,0.0,11.21,6.0,0.0,2913.0,735.0,6.0,1341.0,0.0,831.0
2023,4,NK,Spirit Air Lines,SAT,"San Antonio, TX: San Antonio International",118.0,20.0,7.84,1.28,8.94,0.0,1.94,2.0,0.0,1093.0,373.0,184.0,467.0,0.0,69.0
2023,4,NK,Spirit Air Lines,SDF,"Louisville, KY: Louisville Muhammad Ali International",116.0,40.0,10.17,1.44,19.96,1.02,7.41,4.0,0.0,2863.0,796.0,127.0,1318.0,31.0,591.0
2023,4,NK,Spirit Air Lines,SEA,"Seattle, WA: Seattle/Tacoma International",116.0,30.0,7.51,0.0,16.29,0.0,6.2,4.0,0.0,1864.0,414.0,0.0,1195.0,0.0,255.0
2023,4,NK,Spirit Air Lines,SJU,"San Juan, PR: Luis Munoz Marin International",355.0,139.0,58.18,3.79,42.19,3.91,30.93,14.0,1.0,10527.0,3887.0,324.0,3518.0,233.0,2565.0
2023,4,NK,Spirit Air Lines,SLC,"Salt Lake City, UT: Salt Lake City International",120.0,46.0,12.23,0.45,20.41,0.0,12.92,3.0,0.0,3148.0,789.0,47.0,1286.0,0.0,1026.0
2023,4,NK,Spirit Air Lines,SMF,"Sacramento, CA: Sacramento International",120.0,47.0,17.77,0.0,17.18,0.0,12.05,6.0,0.0,2534.0,782.0,0.0,1176.0,0.0,576.0
2023,4,NK,Spirit Air Lines,SNA,"Santa Ana, CA: John Wayne Airport-Orange County",120.0,17.0,6.37,0.0,4.82,0.0,5.8,3.0,1.0,1829.0,286.0,0.0,1254.0,0.0,289.0
2023,4,NK,Spirit Air Lines,STL,"St. Louis, MO: St Louis Lambert International",49.0,15.0,2.95,1.0,8.1,0.0,2.94,0.0,0.0,925.0,166.0,40.0,408.0,0.0,311.0
2023,4,NK,Spirit Air Lines,STT,"Charlotte Amalie, VI: Cyril E King",60.0,25.0,9.31,1.0,10.67,0.53,3.49,1.0,1.0,1844.0,468.0,177.0,868.0,26.0,305.0
2023,4,NK,Spirit Air Lines,STX,"Christiansted, VI: Henry E. Rohlsen",30.0,8.0,2.41,0.61,4.02,0.0,0.96,3.0,0.0,807.0,150.0,139.0,436.0,0.0,82.0
2023,4,NK,Spirit Air Lines,TPA,"Tampa, FL: Tampa International",613.0,210.0,58.93,1.85,90.05,0.26,58.91,16.0,0.0,13991.0,3582.0,195.0,6135.0,36.0,4043.0
2023,3,NK,Spirit Air Lines,ABQ,"Albuquerque, NM: Albuquerque International Sunport",31.0,7.0,2.08,0.0,1.05,0.0,3.87,1.0,0.0,511.0,246.0,0.0,43.0,0.0,222.0
2023,3,NK,Spirit Air Lines,ACY,"Atlantic City, NJ: Atlantic City International",248.0,74.0,22.4,0.61,36.22,0.13,14.63,3.0,1.0,6454.0,1875.0,64.0,2752.0,6.0,1757.0
2023,3,NK,Spirit Air Lines,ATL,"Atlanta, GA: Hartsfield-Jackson Atlanta International",1247.0,426.0,118.85,3.87,208.95,3.41,90.92,15.0,2.0,29450.0,8467.0,345.0,13237.0,112.0,7289.0
2023,3,NK,Spirit Air Lines,AUS,"Austin, TX: Austin - Bergstrom International",249.0,79.0,29.65,2.66,36.23,0.0,10.45,4.0,0.0,5232.0,2013.0,645.0,2121.0,0.0,453.0
2023,3,NK,Spirit Air Lines,BDL,"Hartford, CT: Bradley International",71.0,26.0,15.28,0.0,7.07,0.0,3.65,0.0,0.0,1750.0,1004.0,0.0,320.0,0.0,426.0
2023,3,NK,Spirit Air Lines,BNA,"Nashville, TN: Nashville International",255.0,77.0,30.36,0.95,28.71,1.04,15.94,5.0,2.0,5886.0,1705.0,113.0,2505.0,23.0,1540.0
2023,3,NK,Spirit Air Lines,BOI,"Boise, ID: Boise Air Terminal",31.0,15.0,2.17,0.0,10.13,0.0,2.7,3.0,0.0,914.0,89.0,0.0,405.0,0.0,420.0
2023,3,NK,Spirit Air Lines,BOS,"Boston, MA: Logan International",373.0,141.0,46.66,0.42,69.18,1.43,23.31,14.0,1.0,8772.0,3292.0,57.0,3378.0,50.0,1995.0
2023,3,NK,Spirit Air Lines,BQN,"Aguadilla, PR: Rafael Hernandez",60.0,24.0,12.03,0.0,7.01,0.0,4.97,0.0,0.0,1288.0,585.0,0.0,419.0,0.0,284.0
2023,3,NK,Spirit Air Lines,BUR,"Burbank, CA: Bob Hope",60.0,22.0,4.17,0.0,11.54,0.0,6.29,1.0,1.0,1100.0,274.0,0.0,559.0,0.0,267.0
2023,3,NK,Spirit Air Lines,BWI,"Baltimore, MD: Baltimore/Washington International Thurgood Marshall",437.0,137.0,54.54,2.03,37.53,3.72,39.19,8.0,1.0,10069.0,3460.0,189.0,2938.0,169.0,3313.0
2023,3,NK,Spirit Air Lines,CLE,"Cleveland, OH: Cleveland-Hopkins International",294.0,108.0,27.68,2.22,47.7,1.78,28.61,3.0,0.0,7658.0,1795.0,90.0,4303.0,40.0,1430.0
2023,3,NK,Spirit Air Lines,CLT,"Charlotte, NC: Charlotte Douglas International",243.0,103.0,35.59,0.06,42.0,2.28,23.06,3.0,0.0,5518.0,1708.0,4.0,2081.0,128.0,1597.0
2023,3,NK,Spirit Air Lines,CMH,"Columbus, OH: John Glenn Columbus International",167.0,46.0,21.81,0.0,13.22,1.65,9.32,4.0,0.0,2679.0,1200.0,0.0,736.0,89.0,654.0
2023,3,NK,Spirit Air Lines,CRW,"Charleston/Dunbar, WV: West Virginia International Yeager",16.0,6.0,1.99,0.0,3.83,0.0,0.19,1.0,1.0,847.0,524.0,0.0,265.0,0.0,58.0
2023,3,NK,Spirit Air Lines,DEN,"Denver, CO: Denver International",216.0,64.0,22.2,0.04,24.91,0.0,16.85,2.0,0.0,3451.0,1125.0,3.0,1317.0,0.0,1006.0
2023,3,NK,Spirit Air Lines,DFW,"Dallas/Fort Worth, TX: Dallas/Fort Worth International",762.0,295.0,89.93,4.09,122.95,2.97,75.06,11.0,4.0,23067.0,7734.0,214.0,9016.0,130.0,5973.0
2023,3,NK,Spirit Air Lines,DTW,"Detroit, MI: Detroit Metro Wayne County",1076.0,321.0,95.92,3.04,117.28,6.72,98.04,27.0,5.0,21491.0,5717.0,156.0,7997.0,172.0,7449.0
2023,3,NK,Spirit Air Lines,EWR,"Newark, NJ: Newark Liberty International",717.0,292.0,70.13,2.94,149.41,4.53,64.99,15.0,2.0,21020.0,4410.0,230.0,9592.0,151.0,6637.0
2023,3,NK,Spirit Air Lines,FLL,"Fort Lauderdale, FL: Fort Lauderdale-Hollywood International",2031.0,644.0,152.76,8.9,298.07,5.96,178.31,23.0,1.0,50517.0,11925.0,907.0,20644.0,247.0,16794.0
2023,3,NK,Spirit Air Lines,IAH,"Houston, TX: George Bush Intercontinental/Houston",723.0,255.0,76.87,1.98,114.27,1.69,60.19,6.0,0.0,16035.0,5222.0,130.0,6309.0,64.0,4310.0
2023,3,NK,Spirit Air Lines,IND,"Indianapolis, IN: Indianapolis International",289.0,89.0,25.33,0.22,37.93,2.76,22.76,11.0,1.0,6357.0,1564.0,9.0,2854.0,110.0,1820.0
2023,3,NK,Spirit Air Lines,LAS,"Las Vegas, NV: Harry Reid International",2368.0,854.0,196.8,12.71,444.82,4.24,195.43,37.0,0.0,58416.0,15349.0,1397.0,27245.0,221.0,14204.0
2023,3,NK,Spirit Air Lines,LAX,"Los Angeles, CA: Los Angeles International",1012.0,419.0,121.41,7.43,210.22,4.42,75.51,7.0,0.0,24243.0,7644.0,673.0,10469.0,160.0,5297.0
2023,3,NK,Spirit Air Lines,LBE,"Latrobe, PA: Arnold Palmer Regional",31.0,11.0,3.64,0.49,3.44,0.0,3.43,4.0,0.0,514.0,186.0,24.0,152.0,0.0,152.0
2023,3,NK,Spirit Air Lines,LGA,"New York, NY: LaGuardia",482.0,134.0,43.18,1.61,67.06,1.48,20.67,10.0,1.0,8974.0,3015.0,170.0,3798.0,56.0,1935.0
2023,3,NK,Spirit Air Lines,MCI,"Kansas City, MO: Kansas City International",111.0,36.0,14.81,0.31,12.01,1.0,7.87,0.0,0.0,2351.0,908.0,25.0,873.0,24.0,521.0
2023,3,NK,Spirit Air Lines,MCO,"Orlando, FL: Orlando International",2637.0,994.0,214.82,12.51,491.37,3.76,271.54,71.0,4.0,84936.0,17017.0,1584.0,38338.0,474.0,27523.0
2023,3,NK,Spirit Air Lines,MEM,"Memphis, TN: Memphis International",62.0,24.0,11.97,0.0,7.65,0.0,4.38,0.0,1.0,2127.0,1331.0,0.0,582.0,0.0,214.0
2023,3,NK,Spirit Air Lines,MHT,"Manchester, NH: Manchester Boston Regional",55.0,14.0,4.48,0.0,8.38,0.0,1.14,3.0,0.0,655.0,158.0,0.0,463.0,0.0,34.0
2023,3,NK,Spirit Air Lines,MIA,"Miami, FL: Miami International",619.0,186.0,44.58,3.14,83.1,2.25,52.93,8.0,1.0,13720.0,2760.0,204.0,6332.0,151.0,4273.0
2023,3,NK,Spirit Air Lines,MKE,"Milwaukee, WI: General Mitchell International",101.0,27.0,14.21,0.69,8.04,0.39,3.68,2.0,0.0,1871.0,851.0,91.0,555.0,44.0,330.0
2023,3,NK,Spirit Air Lines,MSP,"Minneapolis, MN: Minneapolis-St Paul International",172.0,33.0,13.22,0.0,12.28,0.0,7.5,3.0,0.0,1593.0,618.0,0.0,599.0,0.0,376.0
2023,3,NK,Spirit Air Lines,MSY,"New Orleans, LA: Louis Armstrong New Orleans International",448.0,142.0,56.16,1.22,38.82,1.62,44.17,2.0,0.0,11401.0,3589.0,307.0,3137.0,71.0,4297.0
2023,3,NK,Spirit Air Lines,MYR,"Myrtle Beach, SC: Myrtle Beach International",249.0,76.0,27.86,2.68,20.39,1.02,24.05,2.0,0.0,6034.0,2141.0,234.0,879.0,43.0,2737.0
2023,3,NK,Spirit Air Lines,OAK,"Oakland, CA: Metro Oakland International",190.0,68.0,19.35,0.07,31.48,0.0,17.1,6.0,0.0,3531.0,1105.0,8.0,1652.0,0.0,766.0
2023,3,NK,Spirit Air Lines,ORD,"Chicago, IL: Chicago O'Hare International",697.0,226.0,75.3,3.01,97.87,3.15,46.67,13.0,0.0,16761.0,6156.0,110.0,6965.0,138.0,3392.0
2023,3,NK,Spirit Air Lines,ORF,"Norfolk, VA: Norfolk International",49.0,17.0,5.77,0.53,4.94,0.0,5.76,2.0,0.0,1449.0,398.0,55.0,529.0,0.0,467.0
2023,3,NK,Spirit Air Lines,PBI,"West Palm Beach/Palm Beach, FL: Palm Beach International",31.0,4.0,1.0,0.0,2.0,0.0,1.0,1.0,0.0,115.0,27.0,0.0,66.0,0.0,22.0
2023,3,NK,Spirit Air Lines,PDX,"Portland, OR: Portland International",124.0,41.0,15.51,0.14,9.96,0.65,14.74,1.0,0.0,2694.0,1297.0,8.0,534.0,22.0,833.0
2023,3,NK,Spirit Air Lines,PHL,"Philadelphia, PA: Philadelphia International",465.0,155.0,59.33,1.34,64.01,3.16,27.15,2.0,1.0,11803.0,3748.0,155.0,5370.0,116.0,2414.0
2023,3,NK,Spirit Air Lines,PHX,"Phoenix, AZ: Phoenix Sky Harbor International",265.0,127.0,33.06,2.91,66.05,6.59,18.39,2.0,1.0,6919.0,2128.0,103.0,3531.0,203.0,954.0
2023,3,NK,Spirit Air Lines,PIT,"Pittsburgh, PA: Pittsburgh International",266.0,103.0,35.08,0.48,33.41,0.0,34.03,5.0,0.0,7402.0,2383.0,21.0,2120.0,0.0,2878.0
2023,3,NK,Spirit Air Lines,PNS,"Pensacola, FL: Pensacola International",62.0,29.0,12.79,0.0,6.88,0.0,9.34,2.0,0.0,2039.0,849.0,0.0,495.0,0.0,695.0
2023,3,NK,Spirit Air Lines,PSE,"Ponce, PR: Mercedita",31.0,14.0,10.59,0.69,0.74,0.88,1.1,0.0,0.0,1305.0,983.0,72.0,81.0,15.0,154.0
2023,3,NK,Spirit Air Lines,RDU,"Raleigh/Durham, NC: Raleigh-Durham International",86.0,27.0,10.45,0.0,10.86,0.89,4.8,1.0,1.0,3380.0,1392.0,0.0,1263.0,64.0,661.0
2023,3,NK,Spirit Air Lines,RIC,"Richmond, VA: Richmond International",62.0,21.0,7.21,0.0,10.62,0.11,3.06,2.0,0.0,2549.0,997.0,0.0,1253.0,21.0,278.0
2023,3,NK,Spirit Air Lines,RNO,"Reno, NV: Reno/Tahoe International",62.0,16.0,3.95,0.68,7.69,0.21,3.47,1.0,0.0,1184.0,266.0,26.0,478.0,24.0,390.0
2023,3,NK,Spirit Air Lines,ROC,"Rochester, NY: Frederick Douglass Grtr Rochester International",32.0,4.0,1.02,0.0,2.98,0.0,0.0,0.0,0.0,623.0,152.0,0.0,471.0,0.0,0.0
2023,3,NK,Spirit Air Lines,RSW,"Fort Myers, FL: Southwest Florida International",314.0,76.0,24.85,2.27,35.59,0.0,13.29,5.0,0.0,6662.0,2433.0,72.0,2935.0,0.0,1222.0
2023,3,NK,Spirit Air Lines,SAN,"San Diego, CA: San Diego International",171.0,70.0,13.57,0.08,40.24,0.0,16.11,5.0,0.0,4004.0,840.0,3.0,2063.0,0.0,1098.0
2023,3,NK,Spirit Air Lines,SAT,"San Antonio, TX: San Antonio International",108.0,15.0,9.78,0.0,3.26,0.0,1.95,2.0,0.0,1024.0,763.0,0.0,202.0,0.0,59.0
2023,3,NK,Spirit Air Lines,SDF,"Louisville, KY: Louisville Muhammad Ali International",89.0,26.0,11.16,1.89,7.24,0.0,5.71,0.0,1.0,2048.0,569.0,387.0,443.0,0.0,649.0
2023,3,NK,Spirit Air Lines,SEA,"Seattle, WA: Seattle/Tacoma International",100.0,22.0,5.48,0.0,9.78,0.65,6.08,2.0,0.0,1743.0,389.0,0.0,798.0,17.0,539.0
2023,3,NK,Spirit Air Lines,SJU,"San Juan, PR: Luis Munoz Marin International",354.0,124.0,48.88,1.16,34.8,0.83,38.32,4.0,0.0,9766.0,3373.0,57.0,2405.0,42.0,3889.0
2023,3,NK,Spirit Air Lines,SLC,"Salt Lake City, UT: Salt Lake City International",122.0,43.0,13.3,0.63,18.03,0.0,11.04,3.0,1.0,2747.0,621.0,115.0,1175.0,0.0,836.0
2023,3,NK,Spirit Air Lines,SMF,"Sacramento, CA: Sacramento International",124.0,49.0,17.89,0.0,17.14,0.0,13.97,1.0,0.0,3129.0,1440.0,0.0,1014.0,0.0,675.0
2023,3,NK,Spirit Air Lines,SNA,"Santa Ana, CA: John Wayne Airport-Orange County",124.0,22.0,8.65,0.0,8.95,0.0,4.4,1.0,1.0,1274.0,397.0,0.0,364.0,0.0,513.0
2023,3,NK,Spirit Air Lines,STL,"St. Louis, MO: St Louis Lambert International",58.0,16.0,6.29,0.0,7.62,0.0,2.1,1.0,0.0,615.0,172.0,0.0,312.0,0.0,131.0
2023,3,NK,Spirit Air Lines,STT,"Charlotte Amalie, VI: Cyril E King",62.0,23.0,10.29,0.0,7.06,2.11,3.54,0.0,0.0,1070.0,478.0,0.0,376.0,101.0,115.0
2023,3,NK,Spirit Air Lines,STX,"Christiansted, VI: Henry E. Rohlsen",31.0,10.0,2.42,0.0,5.98,0.0,1.6,0.0,0.0,811.0,87.0,0.0,561.0,0.0,163.0
2023,3,NK,Spirit Air Lines,TPA,"Tampa, FL: Tampa International",591.0,173.0,50.02,1.67,74.87,0.0,46.44,10.0,0.0,12898.0,3462.0,115.0,5399.0,0.0,3922.0
2023,2,NK,Spirit Air Lines,ABQ,"Albuquerque, NM: Albuquerque International Sunport",28.0,1.0,0.0,0.0,1.0,0.0,0.0,0.0,1.0,27.0,0.0,0.0,27.0,0.0,0.0
2023,2,NK,Spirit Air Lines,ACY,"Atlantic City, NJ: Atlantic City International",217.0,35.0,15.39,0.0,10.27,1.0,8.34,0.0,0.0,1760.0,722.0,0.0,453.0,28.0,557.0
2023,2,NK,Spirit Air Lines,ATL,"Atlanta, GA: Hartsfield-Jackson Atlanta International",1183.0,229.0,74.73,3.16,70.49,2.75,77.87,11.0,0.0,16814.0,6225.0,104.0,3023.0,113.0,7349.0
2023,2,NK,Spirit Air Lines,AUS,"Austin, TX: Austin - Bergstrom International",222.0,39.0,11.26,0.0,20.56,0.16,7.02,7.0,0.0,2555.0,1010.0,0.0,941.0,14.0,590.0
2023,2,NK,Spirit Air Lines,BDL,"Hartford, CT: Bradley International",75.0,11.0,2.73,0.0,5.49,0.0,2.79,0.0,0.0,589.0,243.0,0.0,198.0,0.0,148.0
2023,2,NK,Spirit Air Lines,BNA,"Nashville, TN: Nashville International",208.0,42.0,16.77,0.93,19.92,0.0,4.38,1.0,0.0,1991.0,838.0,89.0,830.0,0.0,234.0
2023,2,NK,Spirit Air Lines,BOI,"Boise, ID: Boise Air Terminal",28.0,6.0,0.74,0.0,3.7,0.0,1.56,2.0,0.0,442.0,56.0,0.0,164.0,0.0,222.0
2023,2,NK,Spirit Air Lines,BOS,"Boston, MA: Logan International",413.0,126.0,28.5,0.74,73.27,1.65,21.85,11.0,0.0,9444.0,2306.0,70.0,4772.0,66.0,2230.0
2023,2,NK,Spirit Air Lines,BQN,"Aguadilla, PR: Rafael Hernandez",56.0,13.0,8.3,0.0,2.96,0.0,1.74,0.0,1.0,473.0,232.0,0.0,92.0,0.0,149.0
2023,2,NK,Spirit Air Lines,BUR,"Burbank, CA: Bob Hope",56.0,13.0,5.08,0.0,7.08,0.0,0.84,1.0,0.0,668.0,371.0,0.0,271.0,0.0,26.0
2023,2,NK,Spirit Air Lines,BWI,"Baltimore, MD: Baltimore/Washington International Thurgood Marshall",426.0,90.0,28.82,1.82,26.73,2.25,30.38,1.0,0.0,6334.0,2170.0,33.0,1561.0,131.0,2439.0
2023,2,NK,Spirit Air Lines,CLE,"Cleveland, OH: Cleveland-Hopkins International",225.0,60.0,25.65,0.3,13.92,1.88,18.25,0.0,0.0,3498.0,1993.0,9.0,697.0,54.0,745.0
2023,2,NK,Spirit Air Lines,CLT,"Charlotte, NC: Charlotte Douglas International",214.0,45.0,15.76,1.27,16.66,1.83,9.49,5.0,0.0,4558.0,1182.0,65.0,1444.0,111.0,1756.0
2023,2,NK,Spirit Air Lines,CMH,"Columbus, OH: John Glenn Columbus International",149.0,34.0,15.45,1.14,7.6,1.99,7.81,0.0,1.0,2176.0,920.0,126.0,360.0,68.0,702.0
2023,2,NK,Spirit Air Lines,CRW,"Charleston/Dunbar, WV: West Virginia International Yeager",12.0,5.0,0.0,0.13,3.88,0.0,1.0,0.0,0.0,106.0,0.0,3.0,81.0,0.0,22.0
2023,2,NK,Spirit Air Lines,DEN,"Denver, CO: Denver International",195.0,52.0,14.26,0.0,20.87,1.58,15.3,1.0,0.0,3306.0,844.0,0.0,1333.0,42.0,1087.0
2023,2,NK,Spirit Air Lines,DFW,"Dallas/Fort Worth, TX: Dallas/Fort Worth International",655.0,158.0,54.29,2.83,51.26,1.79,47.83,25.0,0.0,12640.0,5505.0,152.0,2895.0,34.0,4054.0
2023,2,NK,Spirit Air Lines,DTW,"Detroit, MI: Detroit Metro Wayne County",971.0,219.0,60.93,10.95,75.77,1.77,69.58,16.0,0.0,16412.0,3642.0,991.0,4968.0,70.0,6741.0
2023,2,NK,Spirit Air Lines,EWR,"Newark, NJ: Newark Liberty International",658.0,194.0,36.73,2.58,117.21,1.23,36.25,5.0,1.0,12480.0,2360.0,493.0,6628.0,35.0,2964.0
2023,2,NK,Spirit Air Lines,FLL,"Fort Lauderdale, FL: Fort Lauderdale-Hollywood International",1679.0,371.0,107.74,10.53,137.01,1.87,113.85,10.0,3.0,27107.0,8664.0,600.0,8116.0,73.0,9654.0
2023,2,NK,Spirit Air Lines,IAH,"Houston, TX: George Bush Intercontinental/Houston",598.0,144.0,47.03,3.98,58.14,1.07,33.78,2.0,0.0,9867.0,2540.0,592.0,3321.0,27.0,3387.0
2023,2,NK,Spirit Air Lines,IND,"Indianapolis, IN: Indianapolis International",196.0,37.0,10.98,0.0,10.87,0.55,14.6,2.0,1.0,2802.0,730.0,0.0,803.0,31.0,1238.0
2023,2,NK,Spirit Air Lines,LAS,"Las Vegas, NV: Harry Reid International",2257.0,610.0,132.5,15.2,326.8,2.43,133.07,59.0,8.0,50175.0,11864.0,1313.0,25862.0,97.0,11039.0
2023,2,NK,Spirit Air Lines,LAX,"Los Angeles, CA: Los Angeles International",914.0,252.0,63.47,1.52,133.6,4.6,48.81,18.0,6.0,18797.0,6720.0,138.0,7922.0,125.0,3892.0
2023,2,NK,Spirit Air Lines,LBE,"Latrobe, PA: Arnold Palmer Regional",28.0,7.0,1.51,0.23,3.13,0.0,2.13,0.0,0.0,319.0,48.0,11.0,145.0,0.0,115.0
2023,2,NK,Spirit Air Lines,LGA,"New York, NY: LaGuardia",439.0,107.0,26.9,1.0,63.03,2.31,13.76,3.0,1.0,8380.0,2051.0,15.0,4548.0,93.0,1673.0
2023,2,NK,Spirit Air Lines,MCI,"Kansas City, MO: Kansas City International",112.0,21.0,7.65,0.16,6.16,0.0,7.03,1.0,0.0,1049.0,196.0,12.0,399.0,0.0,442.0
2023,2,NK,Spirit Air Lines,MCO,"Orlando, FL: Orlando International",2297.0,521.0,134.43,12.58,222.58,1.42,149.99,18.0,0.0,38676.0,12874.0,1341.0,11526.0,68.0,12867.0
2023,2,NK,Spirit Air Lines,MEM,"Memphis, TN: Memphis International",56.0,15.0,6.07,0.0,3.97,0.0,4.96,0.0,0.0,1391.0,537.0,0.0,250.0,0.0,604.0
2023,2,NK,Spirit Air Lines,MHT,"Manchester, NH: Manchester Boston Regional",55.0,17.0,4.03,0.0,8.74,1.0,3.24,0.0,0.0,1049.0,238.0,0.0,408.0,19.0,384.0
2023,2,NK,Spirit Air Lines,MIA,"Miami, FL: Miami International",566.0,114.0,35.86,6.19,35.52,0.9,35.53,7.0,0.0,8075.0,2583.0,419.0,1951.0,25.0,3097.0
2023,2,NK,Spirit Air Lines,MKE,"Milwaukee, WI: General Mitchell International",76.0,23.0,9.33,0.0,8.82,0.0,4.85,2.0,0.0,1869.0,766.0,0.0,693.0,0.0,410.0
2023,2,NK,Spirit Air Lines,MSP,"Minneapolis, MN: Minneapolis-St Paul International",170.0,28.0,7.26,0.22,10.39,0.0,10.14,9.0,0.0,1522.0,299.0,15.0,321.0,0.0,887.0
2023,2,NK,Spirit Air Lines,MSY,"New Orleans, LA: Louis Armstrong New Orleans International",409.0,79.0,29.84,1.21,28.82,0.55,18.58,3.0,0.0,5355.0,2230.0,42.0,1480.0,11.0,1592.0
2023,2,NK,Spirit Air Lines,MYR,"Myrtle Beach, SC: Myrtle Beach International",196.0,48.0,13.75,0.58,20.25,0.39,13.03,4.0,0.0,2525.0,647.0,38.0,728.0,19.0,1093.0
2023,2,NK,Spirit Air Lines,OAK,"Oakland, CA: Metro Oakland International",182.0,46.0,11.37,2.58,15.96,0.28,15.81,2.0,0.0,3709.0,1071.0,378.0,1133.0,22.0,1105.0
2023,2,NK,Spirit Air Lines,ORD,"Chicago, IL: Chicago O'Hare International",619.0,141.0,37.99,0.51,70.17,1.13,31.21,4.0,2.0,9899.0,2440.0,111.0,4729.0,33.0,2586.0
2023,2,NK,Spirit Air Lines,PBI,"West Palm Beach/Palm Beach, FL: Palm Beach International",28.0,3.0,0.55,0.0,2.45,0.0,0.0,0.0,0.0,104.0,16.0,0.0,88.0,0.0,0.0
2023,2,NK,Spirit Air Lines,PDX,"Portland, OR: Portland International",119.0,28.0,8.73,0.75,15.22,0.0,3.3,5.0,0.0,2702.0,585.0,46.0,1509.0,0.0,562.0
2023,2,NK,Spirit Air Lines,PHL,"Philadelphia, PA: Philadelphia International",438.0,108.0,48.94,2.45,28.33,4.22,24.06,5.0,0.0,7521.0,3562.0,108.0,1899.0,178.0,1774.0
2023,2,NK,Spirit Air Lines,PHX,"Phoenix, AZ: Phoenix Sky Harbor International",206.0,57.0,10.54,1.31,29.49,3.38,12.28,3.0,0.0,3321.0,792.0,103.0,1436.0,123.0,867.0
2023,2,NK,Spirit Air Lines,PIT,"Pittsburgh, PA: Pittsburgh International",240.0,59.0,19.29,1.26,15.5,0.0,22.95,1.0,0.0,4438.0,950.0,30.0,1405.0,0.0,2053.0
2023,2,NK,Spirit Air Lines,PNS,"Pensacola, FL: Pensacola International",56.0,16.0,4.51,0.75,4.77,0.0,5.97,0.0,0.0,1303.0,446.0,24.0,354.0,0.0,479.0
2023,2,NK,Spirit Air Lines,PSE,"Ponce, PR: Mercedita",28.0,9.0,6.85,0.0,1.59,0.56,0.0,0.0,0.0,401.0,289.0,0.0,97.0,15.0,0.0
2023,2,NK,Spirit Air Lines,RDU,"Raleigh/Durham, NC: Raleigh-Durham International",56.0,12.0,5.02,0.0,3.75,0.0,3.24,0.0,0.0,995.0,690.0,0.0,132.0,0.0,173.0
2023,2,NK,Spirit Air Lines,RIC,"Richmond, VA: Richmond International",57.0,15.0,6.6,0.0,3.2,0.0,5.2,0.0,0.0,1356.0,411.0,0.0,431.0,0.0,514.0
2023,2,NK,Spirit Air Lines,RNO,"Reno, NV: Reno/Tahoe International",56.0,17.0,8.7,2.0,1.9,0.0,4.4,4.0,0.0,1101.0,775.0,107.0,65.0,0.0,154.0
2023,2,NK,Spirit Air Lines,ROC,"Rochester, NY: Frederick Douglass Grtr Rochester International",29.0,2.0,1.08,0.0,0.05,0.0,0.87,0.0,0.0,399.0,290.0,0.0,6.0,0.0,103.0
2023,2,NK,Spirit Air Lines,RSW,"Fort Myers, FL: Southwest Florida International",275.0,52.0,15.14,2.59,21.58,0.0,12.69,1.0,0.0,4522.0,1623.0,59.0,1206.0,0.0,1634.0
2023,2,NK,Spirit Air Lines,SAN,"San Diego, CA: San Diego International",156.0,55.0,14.39,1.7,23.33,0.0,15.58,1.0,0.0,3716.0,887.0,175.0,1314.0,0.0,1340.0
2023,2,NK,Spirit Air Lines,SAT,"San Antonio, TX: San Antonio International",54.0,12.0,3.92,0.0,4.73,0.0,3.35,0.0,0.0,559.0,101.0,0.0,190.0,0.0,268.0
2023,2,NK,Spirit Air Lines,SDF,"Louisville, KY: Louisville Muhammad Ali International",71.0,20.0,10.42,1.0,3.43,0.0,5.15,1.0,0.0,1479.0,748.0,35.0,146.0,0.0,550.0
2023,2,NK,Spirit Air Lines,SEA,"Seattle, WA: Seattle/Tacoma International",105.0,28.0,11.47,2.07,10.61,0.0,3.85,3.0,0.0,1904.0,732.0,385.0,646.0,0.0,141.0
2023,2,NK,Spirit Air Lines,SJU,"San Juan, PR: Luis Munoz Marin International",388.0,98.0,44.18,5.04,26.01,0.97,21.8,4.0,0.0,6394.0,2206.0,343.0,2262.0,44.0,1539.0
2023,2,NK,Spirit Air Lines,SLC,"Salt Lake City, UT: Salt Lake City International",102.0,42.0,15.0,0.28,16.96,0.4,9.36,2.0,0.0,1985.0,604.0,35.0,586.0,18.0,742.0
2023,2,NK,Spirit Air Lines,SMF,"Sacramento, CA: Sacramento International",112.0,28.0,7.89,0.43,10.85,0.0,8.83,4.0,0.0,1565.0,353.0,12.0,592.0,0.0,608.0
2023,2,NK,Spirit Air Lines,SNA,"Santa Ana, CA: John Wayne Airport-Orange County",112.0,16.0,4.3,1.11,7.56,0.0,3.03,3.0,0.0,986.0,188.0,96.0,567.0,0.0,135.0
2023,2,NK,Spirit Air Lines,STL,"St. Louis, MO: St Louis Lambert International",41.0,9.0,5.98,0.0,2.32,0.0,0.7,0.0,0.0,412.0,302.0,0.0,54.0,0.0,56.0
2023,2,NK,Spirit Air Lines,STT,"Charlotte Amalie, VI: Cyril E King",56.0,16.0,6.2,0.72,5.52,0.76,2.8,0.0,0.0,733.0,344.0,36.0,195.0,23.0,135.0
2023,2,NK,Spirit Air Lines,STX,"Christiansted, VI: Henry E. Rohlsen",26.0,8.0,1.46,0.0,1.07,0.0,5.47,0.0,0.0,318.0,56.0,0.0,70.0,0.0,192.0
2023,2,NK,Spirit Air Lines,TPA,"Tampa, FL: Tampa International",541.0,103.0,34.82,2.65,35.46,1.0,29.08,5.0,0.0,8109.0,2653.0,154.0,2938.0,224.0,2140.0
2023,1,NK,Spirit Air Lines,ABQ,"Albuquerque, NM: Albuquerque International Sunport",30.0,4.0,2.08,0.0,1.92,0.0,0.0,1.0,0.0,261.0,157.0,0.0,104.0,0.0,0.0
2023,1,NK,Spirit Air Lines,ACY,"Atlantic City, NJ: Atlantic City International",220.0,40.0,19.53,0.09,9.75,1.0,9.63,10.0,0.0,2052.0,806.0,9.0,519.0,17.0,701.0
2023,1,NK,Spirit Air Lines,ATL,"Atlanta, GA: Hartsfield-Jackson Atlanta International",1314.0,395.0,121.22,5.29,169.76,2.97,95.76,27.0,7.0,28041.0,10464.0,292.0,10230.0,115.0,6940.0
2023,1,NK,Spirit Air Lines,AUS,"Austin, TX: Austin - Bergstrom International",249.0,67.0,26.16,0.92,24.76,0.99,14.17,4.0,1.0,4576.0,1628.0,51.0,1455.0,41.0,1401.0
2023,1,NK,Spirit Air Lines,BDL,"Hartford, CT: Bradley International",30.0,18.0,6.1,0.0,5.92,0.0,5.98,0.0,0.0,1298.0,516.0,0.0,311.0,0.0,471.0
2023,1,NK,Spirit Air Lines,BNA,"Nashville, TN: Nashville International",241.0,59.0,25.76,0.24,22.39,0.64,9.97,4.0,1.0,2781.0,1152.0,15.0,1126.0,30.0,458.0
2023,1,NK,Spirit Air Lines,BOI,"Boise, ID: Boise Air Terminal",31.0,12.0,0.73,0.12,9.73,0.0,1.41,0.0,0.0,352.0,35.0,4.0,253.0,0.0,60.0
2023,1,NK,Spirit Air Lines,BOS,"Boston, MA: Logan International",336.0,98.0,35.84,0.79,42.75,3.39,15.24,8.0,0.0,5283.0,1901.0,15.0,2145.0,120.0,1102.0
2023,1,NK,Spirit Air Lines,BQN,"Aguadilla, PR: Rafael Hernandez",71.0,30.0,15.3,0.0,8.8,1.64,4.26,5.0,0.0,1641.0,758.0,0.0,580.0,55.0,248.0
2023,1,NK,Spirit Air Lines,BUR,"Burbank, CA: Bob Hope",62.0,15.0,5.53,0.0,7.52,0.0,1.94,3.0,2.0,666.0,261.0,0.0,283.0,0.0,122.0
2023,1,NK,Spirit Air Lines,BWI,"Baltimore, MD: Baltimore/Washington International Thurgood Marshall",505.0,177.0,68.19,2.97,49.2,2.44,54.19,8.0,0.0,11974.0,4422.0,226.0,3231.0,91.0,4004.0
2023,1,NK,Spirit Air Lines,CLE,"Cleveland, OH: Cleveland-Hopkins International",245.0,73.0,22.32,1.94,18.61,3.18,26.95,8.0,0.0,5137.0,1521.0,125.0,872.0,114.0,2505.0
2023,1,NK,Spirit Air Lines,CLT,"Charlotte, NC: Charlotte Douglas International",235.0,81.0,29.32,0.0,25.42,1.19,25.07,5.0,0.0,6284.0,2511.0,0.0,1783.0,36.0,1954.0
2023,1,NK,Spirit Air Lines,CMH,"Columbus, OH: John Glenn Columbus International",166.0,41.0,18.54,0.0,14.17,0.93,7.36,3.0,0.0,2341.0,841.0,0.0,972.0,27.0,501.0
2023,1,NK,Spirit Air Lines,CRW,"Charleston/Dunbar, WV: West Virginia International Yeager",14.0,5.0,3.71,0.0,0.58,0.0,0.71,1.0,0.0,300.0,178.0,0.0,12.0,0.0,110.0
2023,1,NK,Spirit Air Lines,DEN,"Denver, CO: Denver International",223.0,46.0,12.99,0.1,25.95,2.28,4.68,6.0,1.0,3086.0,848.0,13.0,1236.0,61.0,928.0
2023,1,NK,Spirit Air Lines,DFW,"Dallas/Fort Worth, TX: Dallas/Fort Worth International",762.0,224.0,83.56,2.19,80.44,4.31,53.49,29.0,0.0,14345.0,5403.0,105.0,5165.0,170.0,3502.0
2023,1,NK,Spirit Air Lines,DTW,"Detroit, MI: Detroit Metro Wayne County",931.0,243.0,77.09,4.64,88.35,3.69,69.23,15.0,0.0,17948.0,4898.0,202.0,5538.0,134.0,7176.0
2023,1,NK,Spirit Air Lines,EWR,"Newark, NJ: Newark Liberty International",693.0,223.0,57.4,4.06,123.17,5.94,32.44,13.0,1.0,14272.0,3714.0,284.0,7586.0,145.0,2543.0
2023,1,NK,Spirit Air Lines,FLL,"Fort Lauderdale, FL: Fort Lauderdale-Hollywood International",1745.0,500.0,136.21,7.83,210.57,5.65,139.74,39.0,1.0,42454.0,12785.0,559.0,17295.0,247.0,11568.0
2023,1,NK,Spirit Air Lines,IAH,"Houston, TX: George Bush Intercontinental/Houston",731.0,223.0,65.54,2.59,107.98,0.73,46.16,7.0,0.0,17974.0,5193.0,375.0,8047.0,41.0,4318.0
2023,1,NK,Spirit Air Lines,IND,"Indianapolis, IN: Indianapolis International",217.0,58.0,21.75,0.0,21.92,0.47,13.86,10.0,0.0,3164.0,1344.0,0.0,1201.0,18.0,601.0
2023,1,NK,Spirit Air Lines,LAS,"Las Vegas, NV: Harry Reid International",2523.0,608.0,148.63,18.07,297.69,3.84,139.77,81.0,5.0,43568.0,11732.0,1848.0,19217.0,127.0,10644.0
2023,1,NK,Spirit Air Lines,LAX,"Los Angeles, CA: Los Angeles International",1035.0,282.0,104.77,3.56,125.97,1.58,46.12,15.0,0.0,20003.0,8789.0,216.0,7237.0,95.0,3666.0
2023,1,NK,Spirit Air Lines,LBE,"Latrobe, PA: Arnold Palmer Regional",31.0,11.0,5.75,0.0,2.31,0.0,2.94,1.0,0.0,428.0,196.0,0.0,101.0,0.0,131.0
2023,1,NK,Spirit Air Lines,LGA,"New York, NY: LaGuardia",484.0,137.0,44.85,1.0,71.13,6.29,13.74,10.0,0.0,9465.0,3577.0,85.0,4265.0,205.0,1333.0
2023,1,NK,Spirit Air Lines,MCI,"Kansas City, MO: Kansas City International",123.0,34.0,14.74,0.13,6.69,0.47,11.98,2.0,0.0,2361.0,1172.0,27.0,415.0,8.0,739.0
2023,1,NK,Spirit Air Lines,MCO,"Orlando, FL: Orlando International",2496.0,792.0,165.93,17.87,374.34,1.98,231.87,46.0,0.0,57104.0,13034.0,2856.0,24085.0,127.0,17002.0
2023,1,NK,Spirit Air Lines,MEM,"Memphis, TN: Memphis International",62.0,11.0,5.51,0.0,2.01,1.54,1.94,1.0,0.0,483.0,177.0,0.0,96.0,27.0,183.0
2023,1,NK,Spirit Air Lines,MHT,"Manchester, NH: Manchester Boston Regional",52.0,12.0,7.33,0.0,3.2,0.0,1.47,1.0,0.0,579.0,369.0,0.0,96.0,0.0,114.0
2023,1,NK,Spirit Air Lines,MIA,"Miami, FL: Miami International",679.0,177.0,48.68,5.17,63.85,2.77,56.53,24.0,0.0,15141.0,4834.0,354.0,5255.0,164.0,4534.0
2023,1,NK,Spirit Air Lines,MKE,"Milwaukee, WI: General Mitchell International",82.0,24.0,7.49,0.0,9.32,0.0,7.19,3.0,0.0,1681.0,456.0,0.0,397.0,0.0,828.0
2023,1,NK,Spirit Air Lines,MSP,"Minneapolis, MN: Minneapolis-St Paul International",195.0,49.0,16.76,0.0,17.25,0.0,14.99,6.0,0.0,3218.0,860.0,0.0,1324.0,0.0,1034.0
2023,1,NK,Spirit Air Lines,MSY,"New Orleans, LA: Louis Armstrong New Orleans International",321.0,84.0,30.8,3.52,27.65,0.89,21.14,12.0,0.0,6988.0,2167.0,470.0,1842.0,17.0,2492.0
2023,1,NK,Spirit Air Lines,MYR,"Myrtle Beach, SC: Myrtle Beach International",124.0,35.0,4.9,0.0,17.34,0.0,12.75,1.0,0.0,2539.0,364.0,0.0,1048.0,0.0,1127.0
2023,1,NK,Spirit Air Lines,OAK,"Oakland, CA: Metro Oakland International",200.0,53.0,11.94,1.05,23.38,0.5,16.13,6.0,0.0,3163.0,868.0,44.0,897.0,19.0,1335.0
2023,1,NK,Spirit Air Lines,ORD,"Chicago, IL: Chicago O'Hare International",727.0,235.0,85.67,1.12,105.66,4.76,37.79,13.0,1.0,15909.0,5882.0,69.0,6133.0,199.0,3626.0
2023,1,NK,Spirit Air Lines,PBI,"West Palm Beach/Palm Beach, FL: Palm Beach International",31.0,2.0,0.0,0.0,1.08,0.0,0.92,1.0,0.0,96.0,0.0,0.0,23.0,0.0,73.0
2023,1,NK,Spirit Air Lines,PDX,"Portland, OR: Portland International",151.0,28.0,13.73,1.0,10.0,0.0,3.26,6.0,0.0,1165.0,727.0,21.0,293.0,0.0,124.0
2023,1,NK,Spirit Air Lines,PHL,"Philadelphia, PA: Philadelphia International",494.0,165.0,56.77,2.57,63.01,5.28,37.38,10.0,0.0,10981.0,3671.0,482.0,3556.0,241.0,3031.0
2023,1,NK,Spirit Air Lines,PHX,"Phoenix, AZ: Phoenix Sky Harbor International",214.0,60.0,17.03,1.12,30.03,1.57,10.26,4.0,0.0,3698.0,1300.0,42.0,1683.0,66.0,607.0
2023,1,NK,Spirit Air Lines,PIT,"Pittsburgh, PA: Pittsburgh International",262.0,65.0,33.04,0.0,17.47,0.0,14.49,2.0,0.0,4572.0,1988.0,0.0,1592.0,0.0,992.0
2023,1,NK,Spirit Air Lines,PNS,"Pensacola, FL: Pensacola International",61.0,21.0,7.55,0.0,9.37,0.0,4.08,4.0,0.0,1418.0,472.0,0.0,666.0,0.0,280.0
2023,1,NK,Spirit Air Lines,PSE,"Ponce, PR: Mercedita",31.0,8.0,5.27,0.0,2.54,0.0,0.19,0.0,0.0,351.0,163.0,0.0,174.0,0.0,14.0
2023,1,NK,Spirit Air Lines,RDU,"Raleigh/Durham, NC: Raleigh-Durham International",58.0,17.0,6.89,0.0,5.04,0.0,5.07,0.0,0.0,1094.0,427.0,0.0,288.0,0.0,379.0
2023,1,NK,Spirit Air Lines,RIC,"Richmond, VA: Richmond International",62.0,21.0,5.06,0.0,13.5,0.0,2.44,2.0,0.0,980.0,198.0,0.0,667.0,0.0,115.0
2023,1,NK,Spirit Air Lines,RNO,"Reno, NV: Reno/Tahoe International",61.0,9.0,1.37,1.86,4.32,0.0,1.44,2.0,0.0,909.0,150.0,390.0,291.0,0.0,78.0
2023,1,NK,Spirit Air Lines,ROC,"Rochester, NY: Frederick Douglass Grtr Rochester International",22.0,2.0,1.0,0.0,0.53,0.47,0.0,1.0,0.0,94.0,75.0,0.0,10.0,9.0,0.0
2023,1,NK,Spirit Air Lines,RSW,"Fort Myers, FL: Southwest Florida International",276.0,55.0,15.61,0.56,31.58,0.15,7.09,9.0,0.0,3385.0,1144.0,29.0,1741.0,4.0,467.0
2023,1,NK,Spirit Air Lines,SAN,"San Diego, CA: San Diego International",169.0,57.0,12.27,0.2,31.29,0.14,13.1,3.0,0.0,3166.0,568.0,38.0,1648.0,20.0,892.0
2023,1,NK,Spirit Air Lines,SAT,"San Antonio, TX: San Antonio International",52.0,9.0,4.78,0.0,3.63,0.0,0.59,1.0,0.0,467.0,179.0,0.0,272.0,0.0,16.0
2023,1,NK,Spirit Air Lines,SDF,"Louisville, KY: Louisville Muhammad Ali International",72.0,23.0,6.79,0.0,8.65,0.0,7.56,2.0,0.0,1527.0,544.0,0.0,609.0,0.0,374.0
2023,1,NK,Spirit Air Lines,SEA,"Seattle, WA: Seattle/Tacoma International",93.0,20.0,6.26,0.17,8.8,0.63,4.14,5.0,0.0,1089.0,400.0,22.0,471.0,44.0,152.0
2023,1,NK,Spirit Air Lines,SJU,"San Juan, PR: Luis Munoz Marin International",536.0,169.0,72.65,2.0,52.38,4.32,37.64,1.0,1.0,10442.0,3788.0,62.0,3711.0,145.0,2736.0
2023,1,NK,Spirit Air Lines,SLC,"Salt Lake City, UT: Salt Lake City International",106.0,50.0,14.12,0.0,22.26,0.0,13.62,2.0,0.0,2328.0,729.0,0.0,811.0,0.0,788.0
2023,1,NK,Spirit Air Lines,SMF,"Sacramento, CA: Sacramento International",123.0,34.0,12.57,0.27,18.95,0.0,2.22,3.0,0.0,1941.0,548.0,9.0,1321.0,0.0,63.0
2023,1,NK,Spirit Air Lines,SNA,"Santa Ana, CA: John Wayne Airport-Orange County",124.0,37.0,8.5,0.0,19.51,0.0,8.99,5.0,0.0,1589.0,477.0,0.0,587.0,0.0,525.0
2023,1,NK,Spirit Air Lines,STL,"St. Louis, MO: St Louis Lambert International",49.0,15.0,5.8,0.0,6.29,0.0,2.91,1.0,0.0,591.0,262.0,0.0,232.0,0.0,97.0
2023,1,NK,Spirit Air Lines,STT,"Charlotte Amalie, VI: Cyril E King",62.0,23.0,10.34,0.43,7.38,0.0,4.85,0.0,0.0,1063.0,468.0,10.0,390.0,0.0,195.0
2023,1,NK,Spirit Air Lines,STX,"Christiansted, VI: Henry E. Rohlsen",24.0,6.0,1.9,0.0,2.54,0.0,1.55,1.0,0.0,491.0,119.0,0.0,195.0,0.0,177.0
2023,1,NK,Spirit Air Lines,TPA,"Tampa, FL: Tampa International",558.0,137.0,39.8,1.2,55.86,0.11,40.03,14.0,0.0,10840.0,3125.0,90.0,4644.0,6.0,2975.0
